	address	geoloc	healthgrade_rating	name	ratemds_rating	ucomphealthcare_rating	vitals_rating
0	Orinda, CA 94563	37.8787,-122.1728		DOC#0	4.3		2.5
1	Orinda, CA 94563	37.8787,-122.1728	4.5	DOC#1	4.9	5.0	4.0
2	Orinda, CA 94563	37.8787,-122.1728		DOC#2			
3	Orinda, CA 94563	37.8787,-122.1728		DOC#3		5.0	4.0
4	Orinda, CA 94563	37.8787,-122.1728	4.6	DOC#4	5.0	5.0	4.0
5	Orinda, CA 94563	37.8787,-122.1728	4.2	DOC#5	4.3	5.0	4.0
6	Orinda, CA 94563	37.8787,-122.1728	4.4	DOC#6	5.0	5.0	4.0
7	Orinda, CA 94563	37.8787,-122.1728		DOC#7			4.0
8	Orinda, CA 94563	37.8787,-122.1728		DOC#8			
9	Orinda, CA 94563	37.8787,-122.1728		DOC#9		5.0	4.0
10	Orinda, CA 94563	37.8787,-122.1728	4.6	DOC#10		5.0	
11	Orinda, CA 94563	37.8787,-122.1728		DOC#11		5.0	
12	Orinda, CA 94563	37.8787,-122.1728	3.7	DOC#12		4.0	3.0
13	Orinda, CA 94563	37.8787,-122.1728		DOC#13	4.3	4.0	4.0
14	Orinda, CA 94563	37.8787,-122.1728	4.4	DOC#14			4.0
15	Orinda, CA 94563	37.8787,-122.1728		DOC#15			4.0
16	Orinda, CA 94563	37.8787,-122.1728		DOC#16	2.5	3.0	
17	Orinda, CA 94563	37.8787,-122.1728	4.3	DOC#17	5.0	4.0	3.0
18	Orinda, CA 94563	37.8787,-122.1728		DOC#18			
19	Orinda, CA 94563	37.8787,-122.1728	4.1	DOC#19	3.3	3.0	2.0
20	Orinda, CA 94563	37.8787,-122.1728		DOC#20		4.0	3.0
21	Orinda, CA 94563	37.8787,-122.1728		DOC#21		5.0	4.0
22	Orinda, CA 94563	37.8787,-122.1728		DOC#22			4.0
23	Orinda, CA 94563	37.8787,-122.1728		DOC#23		5.0	4.0
24	Orinda, CA 94563	37.8787,-122.1728		DOC#24			
25	Orinda, CA 94563	37.8787,-122.1728		DOC#25			2.5
26	Orinda, CA 94563	37.8787,-122.1728		DOC#26			
27	Orinda, CA 94563	37.8787,-122.1728		DOC#27			
28	Orinda, CA 94563	37.8787,-122.1728	4.3	DOC#28			
29	Orinda, CA 94563	37.8787,-122.1728	3.1	DOC#29	3.8	5.0	2.0
30	Orinda, CA 94563	37.8787,-122.1728	4.5	DOC#30		5.0	3.0
31	Orinda, CA 94563	37.8787,-122.1728	3.6	DOC#31	4.0	4.0	3.5
32	Orinda, CA 94563	37.8787,-122.1728	4.3	DOC#32		5.0	2.0
33	Orinda, CA 94563	37.8787,-122.1728	4.4	DOC#33	5.0	5.0	2.5
34	Orinda, CA 94563	37.8787,-122.1728	4.3	DOC#34	2.7	4.0	3.5
35	Orinda, CA 94563	37.8787,-122.1728	4.2	DOC#35		5.0	3.5
36	Orinda, CA 94563	37.8787,-122.1728	4.6	DOC#36		5.0	4.0
37	Orinda, CA 94563	37.8787,-122.1728	3.4	DOC#37	4.0	5.0	3.0
38	Orinda, CA 94563	37.8787,-122.1728		DOC#38	5.0		1.0
39	Orinda, CA 94563	37.8787,-122.1728		DOC#39	3.6	2.0	3.0
40	Orinda, CA 94563	37.8787,-122.1728		DOC#40			
41	Orinda, CA 94563	37.8787,-122.1728	3.3	DOC#41		5.0	4.0
42	Orinda, CA 94563	37.8787,-122.1728	4.7	DOC#42	3.2	5.0	3.0
43	Orinda, CA 94563	37.8787,-122.1728	3.5	DOC#43	4.5	5.0	4.0
44	Orinda, CA 94563	37.8787,-122.1728		DOC#44			4.0
45	Orinda, CA 94563	37.8787,-122.1728	3.3	DOC#45		3.0	3.5
46	Orinda, CA 94563	37.8787,-122.1728		DOC#46			
47	Lafayette, CA 94549	37.8961,-122.1119	3.6	DOC#47		3.0	3.0
48	Lafayette, CA 94549	37.8961,-122.1119	4.1	DOC#48	3.2	5.0	3.0
49	Lafayette, CA 94549	37.8961,-122.1119	4.5	DOC#49	4.0	4.0	
50	Lafayette, CA 94549	37.8961,-122.1119		DOC#50			
51	Lafayette, CA 94549	37.8961,-122.1119	4.1	DOC#51		5.0	3.5
52	Lafayette, CA 94549	37.8961,-122.1119	4.7	DOC#52	5.0	5.0	4.0
53	Lafayette, CA 94549	37.8961,-122.1119		DOC#53		5.0	4.0
54	Lafayette, CA 94549	37.8961,-122.1119		DOC#54		5.0	4.0
55	Lafayette, CA 94549	37.8961,-122.1119		DOC#55		5.0	4.0
56	Lafayette, CA 94549	37.8961,-122.1119		DOC#56			
57	Lafayette, CA 94549	37.8961,-122.1119		DOC#57			3.5
58	Lafayette, CA 94549	37.8961,-122.1119		DOC#58		5.0	4.0
59	Lafayette, CA 94549	37.8961,-122.1119	3.7	DOC#59	4.4	1.0	4.0
60	Concord, CA 94520	37.9823,-122.0362		DOC#60	3.7		
61	Lafayette, CA 94549	37.8961,-122.1119		DOC#61			
62	Lafayette, CA 94549	37.8961,-122.1119	3.5	DOC#62			
63	Lafayette, CA 94549	37.8961,-122.1119		DOC#63	5.0	5.0	3.5
64	Lafayette, CA 94549	37.8961,-122.1119	4.9	DOC#64			4.0
65	Lafayette, CA 94549	37.8961,-122.1119		DOC#65	2.5	3.0	2.5
66	Lafayette, CA 94549	37.8961,-122.1119	4.4	DOC#66	4.0	4.0	3.5
67	Lafayette, CA 94549	37.8961,-122.1119		DOC#67			
68	Lafayette, CA 94549	37.8961,-122.1119	4.3	DOC#68	3.5	5.0	
69	Lafayette, CA 94549	37.8961,-122.1119	2.7	DOC#69	1.0	4.0	3.5
70	Lafayette, CA 94549	37.8961,-122.1119	3.9	DOC#70	4.0	5.0	3.5
71	Lafayette, CA 94549	37.8961,-122.1119		DOC#71		4.0	3.0
72	Lafayette, CA 94549	37.8961,-122.1119		DOC#72		5.0	4.0
73	Lafayette, CA 94549	37.8961,-122.1119	2.8	DOC#73			
74	Lafayette, CA 94549	37.8961,-122.1119	4.3	DOC#74	5.0		4.0
75	Lafayette, CA 94549	37.8961,-122.1119		DOC#75	3.8	5.0	4.0
76	Lafayette, CA 94549	37.8961,-122.1119		DOC#76	5.0	4.0	3.5
77	Lafayette, CA 94549	37.8961,-122.1119		DOC#77			
78	Lafayette, CA 94549	37.8961,-122.1119		DOC#78			
79	Lafayette, CA 94549	37.8961,-122.1119	3.5	DOC#79		5.0	3.5
80	Lafayette, CA 94549	37.8961,-122.1119	3.1	DOC#80	4.5	5.0	2.5
81	Lafayette, CA 94549	37.8961,-122.1119	3.8	DOC#81	3.7	5.0	3.5
82	Lafayette, CA 94549	37.8961,-122.1119	4.7	DOC#82	4.3	4.0	3.5
83	Lafayette, CA 94549	37.8961,-122.1119	3.6	DOC#83		5.0	4.0
84	Lafayette, CA 94549	37.8961,-122.1119		DOC#84	2.5	4.0	3.0
85	Lafayette, CA 94549	37.8961,-122.1119	4.3	DOC#85			
86	Lafayette, CA 94549	37.8961,-122.1119	3.9	DOC#86	4.2	4.0	3.0
87	Lafayette, CA 94549	37.8961,-122.1119	4.3	DOC#87	4.4	4.0	
88	Lafayette, CA 94549	37.8961,-122.1119		DOC#88	3.7	4.0	3.5
89	San Francisco, CA 94133	37.8002,-122.4091		DOC#89		4.0	2.5
90	San Francisco, CA 94133	37.8002,-122.4091		DOC#90	5.0	5.0	4.0
91	San Francisco, CA 94133	37.8002,-122.4091	4.3	DOC#91		5.0	4.0
92	San Francisco, CA 94133	37.8002,-122.4091		DOC#92		5.0	4.0
93	San Francisco, CA 94133	37.8002,-122.4091	3.3	DOC#93			
94	San Francisco, CA 94133	37.8002,-122.4091	3.8	DOC#94			
95	San Francisco, CA 94133	37.8002,-122.4091		DOC#95			
96	San Francisco, CA 94133	37.8002,-122.4091	4.7	DOC#96	5.0	5.0	4.0
97	San Francisco, CA 94111	37.7974,-122.4001	4.7	DOC#97		5.0	3.5
98	San Francisco, CA 94111	37.7974,-122.4001	4.1	DOC#98	1.0	5.0	4.0
99	San Francisco, CA 94111	37.7974,-122.4001	3.9	DOC#99		5.0	4.0
100	San Francisco, CA 94111	37.7974,-122.4001	3.9	DOC#100			
101	San Francisco, CA 94111	37.7974,-122.4001		DOC#101		5.0	4.0
102	San Francisco, CA 94111	37.7974,-122.4001	4.2	DOC#102			
103	San Francisco, CA 94111	37.7974,-122.4001	4.5	DOC#103		5.0	3.5
104	San Francisco, CA 94111	37.7974,-122.4001	4.1	DOC#104		4.0	2.5
105	San Francisco, CA 94111	37.7974,-122.4001	2.3	DOC#105			1.0
106	San Francisco, CA 94105	37.7864,-122.3892		DOC#106			
107	San Francisco, CA 94105	37.7864,-122.3892		DOC#107			4.0
108	San Francisco, CA 94111	37.7974,-122.4001		DOC#108		1.0	3.5
109	San Francisco, CA 94111	37.7974,-122.4001		DOC#109	5.0	5.0	4.0
110	San Francisco, CA 94111	37.7974,-122.4001		DOC#110			
111	San Francisco, CA 94111	37.7974,-122.4001	3.7	DOC#111	5.0	5.0	4.0
112	San Francisco, CA 94111	37.7974,-122.4001		DOC#112		5.0	4.0
113	San Francisco, CA 94111	37.7974,-122.4001	4.8	DOC#113			
114	San Francisco, CA 94111	37.7974,-122.4001	4.1	DOC#114			
115	San Francisco, CA 94111	37.7974,-122.4001		DOC#115		5.0	4.0
116	San Francisco, CA 94111	37.7974,-122.4001	4.4	DOC#116			
117	San Francisco, CA 94111	37.7974,-122.4001	3.8	DOC#117			
118	San Francisco, CA 94111	37.7974,-122.4001		DOC#118	3.2	5.0	2.5
119	San Francisco, CA 94111	37.7974,-122.4001		DOC#119			4.0
120	San Francisco, CA 94111	37.7974,-122.4001		DOC#120			
121	San Francisco, CA 94111	37.7974,-122.4001		DOC#121		5.0	2.5
122	San Francisco, CA 94111	37.7974,-122.4001	4.4	DOC#122			
123	San Francisco, CA 94111	37.7974,-122.4001		DOC#123		5.0	4.0
124	San Francisco, CA 94133	37.8002,-122.4091	4.1	DOC#124	5.0		4.0
125	Lafayette, CA 94549	37.8961,-122.1119		DOC#125		5.0	3.5
126	San Francisco, CA 94133	37.8002,-122.4091		DOC#126	3.7		
127	San Francisco, CA 94133	37.8002,-122.4091	4.3	DOC#127		5.0	
128	San Francisco, CA 94133	37.8002,-122.4091	4.9	DOC#128			
129	San Francisco, CA 94133	37.8002,-122.4091		DOC#129	4.0		
130	San Francisco, CA 94133	37.8002,-122.4091	4.7	DOC#130	4.0		
131	San Francisco, CA 94133	37.8002,-122.4091	2.5	DOC#131	4.3	3.0	2.5
132	San Francisco, CA 94133	37.8002,-122.4091	2.8	DOC#132	3.9	5.0	4.0
133	San Francisco, CA 94133	37.8002,-122.4091	4.9	DOC#133	2.5	1.0	
134	San Francisco, CA 94133	37.8002,-122.4091	4.2	DOC#134		5.0	4.0
135	San Francisco, CA 94133	37.8002,-122.4091		DOC#135		5.0	4.0
136	San Francisco, CA 94133	37.8002,-122.4091	4.6	DOC#136		5.0	2.0
137	San Francisco, CA 94133	37.8002,-122.4091	1.8	DOC#137			
138	San Francisco, CA 94133	37.8002,-122.4091	4.8	DOC#138		1.0	
139	San Francisco, CA 94133	37.8002,-122.4091		DOC#139			
140	San Francisco, CA 94133	37.8002,-122.4091	4.5	DOC#140	3.8	5.0	4.0
141	San Francisco, CA 94133	37.8002,-122.4091		DOC#141	4.0	5.0	4.0
142	San Francisco, CA 94133	37.8002,-122.4091		DOC#142			
143	San Francisco, CA 94104	37.7915,-122.4018		DOC#143		5.0	3.5
144	San Francisco, CA 94133	37.8002,-122.4091		DOC#144			
145	San Francisco, CA 94133	37.8002,-122.4091		DOC#145			
146	San Francisco, CA 94133	37.8002,-122.4091		DOC#146		2.0	1.5
147	San Francisco, CA 94133	37.8002,-122.4091		DOC#147			
148	San Francisco, CA 94105	37.7864,-122.3892		DOC#148			
149	San Francisco, CA 94105	37.7864,-122.3892		DOC#149		4.0	3.0
150	San Francisco, CA 94105	37.7864,-122.3892		DOC#150		5.0	
151	San Francisco, CA 94133	37.8002,-122.4091	1.2	DOC#151	5.0	5.0	3.5
152	San Francisco, CA 94104	37.7915,-122.4018	3.8	DOC#152	1.5	2.0	3.5
153	San Francisco, CA 94104	37.7915,-122.4018		DOC#153	4.5		4.0
154	San Francisco, CA 94133	37.8002,-122.4091		DOC#154		5.0	1.5
155	San Francisco, CA 94133	37.8002,-122.4091		DOC#155			
156	San Francisco, CA 94107	37.7621,-122.3971		DOC#156			3.0
157	San Francisco, CA 94107	37.7621,-122.3971	4.5	DOC#157			3.0
158	San Francisco, CA 94133	37.8002,-122.4091	2.3	DOC#158		5.0	4.0
159	San Francisco, CA 94133	37.8002,-122.4091		DOC#159			
160	San Francisco, CA 94104	37.7915,-122.4018		DOC#160			
161	San Francisco, CA 94104	37.7915,-122.4018		DOC#161			3.5
162	San Francisco, CA 94104	37.7915,-122.4018	4.1	DOC#162			
163	San Francisco, CA 94108	37.7929,-122.4079	4.1	DOC#163	5.0		4.0
164	San Francisco, CA 94108	37.7929,-122.4079		DOC#164			
165	San Francisco, CA 94108	37.7929,-122.4079		DOC#165			
166	San Francisco, CA 94108	37.7929,-122.4079		DOC#166		5.0	
167	San Francisco, CA 94108	37.7929,-122.4079		DOC#167	4.0	5.0	
168	San Francisco, CA 94108	37.7929,-122.4079		DOC#168			
169	San Francisco, CA 94108	37.7929,-122.4079		DOC#169		5.0	
170	San Francisco, CA 94108	37.7929,-122.4079		DOC#170			
171	San Francisco, CA 94108	37.7929,-122.4079		DOC#171			
172	San Francisco, CA 94108	37.7929,-122.4079		DOC#172			4.0
173	San Francisco, CA 94108	37.7929,-122.4079	3.7	DOC#173	3.2		2.0
174	San Francisco, CA 94108	37.7929,-122.4079	3.7	DOC#174		5.0	3.0
175	San Francisco, CA 94108	37.7929,-122.4079	2.3	DOC#175	4.2	5.0	3.5
176	San Francisco, CA 94133	37.8002,-122.4091		DOC#176	3.8		
177	San Francisco, CA 94133	37.8002,-122.4091		DOC#177			
178	San Francisco, CA 94133	37.8002,-122.4091	3.3	DOC#178			
179	San Francisco, CA 94133	37.8002,-122.4091		DOC#179			4.0
180	San Francisco, CA 94133	37.8002,-122.4091		DOC#180			
181	San Francisco, CA 94133	37.8002,-122.4091		DOC#181			
182	San Francisco, CA 94133	37.8002,-122.4091	3.7	DOC#182	5.0		
183	Burlingame, CA 94010	37.5671,-122.3676		DOC#183	1.0	3.0	3.0
184	San Mateo, CA 94401	37.5735,-122.3225	4.5	DOC#184		5.0	4.0
185	San Mateo, CA 94401	37.5735,-122.3225	4.7	DOC#185		5.0	3.5
186	San Mateo, CA 94403	37.5395,-122.2998		DOC#186		5.0	2.0
187	San Mateo, CA 94401	37.5735,-122.3225		DOC#187		3.0	2.0
188	San Mateo, CA 94401	37.5735,-122.3225	4.3	DOC#188		5.0	4.0
189	San Mateo, CA 94402	37.5507,-122.3276		DOC#189	5.0	4.0	3.5
190	San Mateo, CA 94402	37.5507,-122.3276	4.3	DOC#190	2.0	5.0	4.0
191	San Mateo, CA 94402	37.5507,-122.3276	3.3	DOC#191			3.5
192	San Mateo, CA 94401	37.5735,-122.3225		DOC#192			
193	San Mateo, CA 94401	37.5735,-122.3225	2.8	DOC#193			4.0
194	San Mateo, CA 94401	37.5735,-122.3225		DOC#194	2.0	1.0	2.5
195	San Mateo, CA 94401	37.5735,-122.3225		DOC#195		5.0	4.0
196	San Mateo, CA 94401	37.5735,-122.3225	2.7	DOC#196	1.7	5.0	2.0
197	San Mateo, CA 94401	37.5735,-122.3225	2.3	DOC#197		5.0	3.0
198	San Mateo, CA 94401	37.5735,-122.3225	4.2	DOC#198	5.0	5.0	4.0
199	San Mateo, CA 94401	37.5735,-122.3225		DOC#199			
200	San Mateo, CA 94401	37.5735,-122.3225	4.8	DOC#200			
201	San Mateo, CA 94401	37.5735,-122.3225	4.2	DOC#201	1.6	2.0	3.5
202	San Mateo, CA 94401	37.5735,-122.3225		DOC#202			3.0
203	San Mateo, CA 94401	37.5735,-122.3225	4.7	DOC#203		5.0	4.0
204	San Mateo, CA 94401	37.5735,-122.3225	2.7	DOC#204			3.0
205	San Mateo, CA 94401	37.5735,-122.3225		DOC#205		5.0	
206	San Mateo, CA 94401	37.5735,-122.3225	3.7	DOC#206	4.0	4.0	3.5
207	San Mateo, CA 94401	37.5735,-122.3225		DOC#207			
208	San Mateo, CA 94401	37.5735,-122.3225		DOC#208		5.0	
209	San Mateo, CA 94401	37.5735,-122.3225		DOC#209			
210	San Mateo, CA 94401	37.5735,-122.3225		DOC#210			
211	San Mateo, CA 94401	37.5735,-122.3225		DOC#211			
212	San Mateo, CA 94401	37.5735,-122.3225	3.2	DOC#212	2.4	5.0	
213	San Mateo, CA 94401	37.5735,-122.3225	2.6	DOC#213	1.7	3.0	2.5
214	San Mateo, CA 94401	37.5735,-122.3225	4.4	DOC#214	3.0		2.0
215	San Mateo, CA 94401	37.5735,-122.3225		DOC#215		5.0	4.0
216	San Mateo, CA 94401	37.5735,-122.3225		DOC#216			
217	San Mateo, CA 94401	37.5735,-122.3225		DOC#217	1.3	4.0	2.5
218	San Mateo, CA 94401	37.5735,-122.3225		DOC#218	5.0	5.0	3.0
219	San Mateo, CA 94401	37.5735,-122.3225		DOC#219		3.0	4.0
220	San Mateo, CA 94401	37.5735,-122.3225		DOC#220			4.0
221	San Mateo, CA 94401	37.5735,-122.3225		DOC#221			4.0
222	San Mateo, CA 94401	37.5735,-122.3225		DOC#222			
223	San Mateo, CA 94401	37.5735,-122.3225	3.7	DOC#223			3.0
224	San Mateo, CA 94401	37.5735,-122.3225	3.8	DOC#224		5.0	3.0
225	San Mateo, CA 94401	37.5735,-122.3225	3.3	DOC#225	3.4	1.0	
226	San Mateo, CA 94401	37.5735,-122.3225		DOC#226			
227	San Mateo, CA 94401	37.5735,-122.3225		DOC#227			
228	San Mateo, CA 94401	37.5735,-122.3225		DOC#228	3.1	4.0	3.0
229	San Mateo, CA 94401	37.5735,-122.3225		DOC#229	5.0	5.0	4.0
230	San Mateo, CA 94401	37.5735,-122.3225	4.3	DOC#230	4.2	1.0	2.5
231	San Mateo, CA 94401	37.5735,-122.3225		DOC#231		5.0	
232	San Mateo, CA 94401	37.5735,-122.3225	4.8	DOC#232	3.3	3.0	
233	San Mateo, CA 94401	37.5735,-122.3225		DOC#233	5.0	5.0	4.0
234	San Mateo, CA 94401	37.5735,-122.3225		DOC#234			
235	San Mateo, CA 94401	37.5735,-122.3225		DOC#235			
236	San Mateo, CA 94401	37.5735,-122.3225		DOC#236			
237	San Mateo, CA 94401	37.5735,-122.3225	3.8	DOC#237		2.0	1.0
238	San Mateo, CA 94401	37.5735,-122.3225		DOC#238			
239	San Mateo, CA 94401	37.5735,-122.3225		DOC#239			
240	San Mateo, CA 94401	37.5735,-122.3225		DOC#240			
241	San Mateo, CA 94401	37.5735,-122.3225		DOC#241	3.5		3.0
242	Burlingame, CA 94010	37.5671,-122.3676		DOC#242	5.0		4.0
243	Burlingame, CA 94010	37.5671,-122.3676	4.6	DOC#243	4.7	4.0	
244	Burlingame, CA 94010	37.5671,-122.3676		DOC#244			3.5
245	Burlingame, CA 94010	37.5671,-122.3676		DOC#245		5.0	3.0
246	Burlingame, CA 94010	37.5671,-122.3676		DOC#246			4.0
247	Burlingame, CA 94010	37.5671,-122.3676	3.5	DOC#247	2.5	4.0	3.0
248	Burlingame, CA 94010	37.5671,-122.3676		DOC#248	3.7		
249	Burlingame, CA 94010	37.5671,-122.3676	3.7	DOC#249	2.4	3.0	2.5
250	Burlingame, CA 94010	37.5671,-122.3676		DOC#250	1.5		1.0
251	Burlingame, CA 94010	37.5671,-122.3676		DOC#251		4.0	3.0
252	Burlingame, CA 94010	37.5671,-122.3676		DOC#252			3.5
253	Burlingame, CA 94010	37.5671,-122.3676	3.4	DOC#253			
254	Burlingame, CA 94010	37.5671,-122.3676		DOC#254		1.0	4.0
255	Burlingame, CA 94010	37.5671,-122.3676	4.7	DOC#255		4.0	3.5
256	Burlingame, CA 94010	37.5671,-122.3676		DOC#256			2.5
257	Burlingame, CA 94010	37.5671,-122.3676		DOC#257	4.2		3.5
258	Burlingame, CA 94010	37.5671,-122.3676	3.3	DOC#258		5.0	
259	Burlingame, CA 94010	37.5671,-122.3676	4.4	DOC#259	3.0	4.0	
260	Burlingame, CA 94010	37.5671,-122.3676	3.8	DOC#260		1.0	1.0
261	Burlingame, CA 94010	37.5671,-122.3676		DOC#261		1.0	
262	Burlingame, CA 94010	37.5671,-122.3676		DOC#262			4.0
263	Burlingame, CA 94010	37.5671,-122.3676	4.2	DOC#263	4.9	4.0	3.0
264	Burlingame, CA 94010	37.5671,-122.3676	3.8	DOC#264	1.5	4.0	3.5
265	Burlingame, CA 94010	37.5671,-122.3676		DOC#265		5.0	
266	Burlingame, CA 94010	37.5671,-122.3676	3.7	DOC#266			4.0
267	Burlingame, CA 94010	37.5671,-122.3676		DOC#267		5.0	4.0
268	Burlingame, CA 94010	37.5671,-122.3676	3.9	DOC#268			4.0
269	Burlingame, CA 94010	37.5671,-122.3676	4.5	DOC#269		5.0	4.0
270	Burlingame, CA 94010	37.5671,-122.3676	4.9	DOC#270		5.0	4.0
271	Burlingame, CA 94010	37.5671,-122.3676		DOC#271	2.4	5.0	
272	Burlingame, CA 94010	37.5671,-122.3676	4.6	DOC#272	4.7	4.0	4.0
273	Burlingame, CA 94010	37.5671,-122.3676	3.9	DOC#273		5.0	4.0
274	Burlingame, CA 94010	37.5671,-122.3676	3.3	DOC#274	3.1	3.0	1.0
275	Burlingame, CA 94010	37.5671,-122.3676		DOC#275			
276	Burlingame, CA 94010	37.5671,-122.3676		DOC#276		1.0	1.0
277	Burlingame, CA 94010	37.5671,-122.3676	1.3	DOC#277	5.0	1.0	2.0
278	Burlingame, CA 94010	37.5671,-122.3676		DOC#278	2.2	1.0	
279	Burlingame, CA 94010	37.5671,-122.3676	3.3	DOC#279		5.0	4.0
280	San Francisco, CA 94128	37.6216,-122.3929		DOC#280			
281	San Francisco, CA 94128	37.6216,-122.3929		DOC#281		5.0	2.5
282	Burlingame, CA 94010	37.5671,-122.3676	3.7	DOC#282	4.2	5.0	4.0
283	San Mateo, CA 94403	37.5395,-122.2998	4.3	DOC#283		5.0	3.5
284	San Mateo, CA 94404	37.5538,-122.27		DOC#284			
285	San Mateo, CA 94403	37.5395,-122.2998	4.7	DOC#285		1.0	1.0
286	Mountain View, CA 94040	37.3855,-122.088	4.1	DOC#286	4.2		
287	Mountain View, CA 94040	37.3855,-122.088		DOC#287		5.0	4.0
288	Mountain View, CA 94040	37.3855,-122.088	3.8	DOC#288	5.0	3.0	2.5
289	Mountain View, CA 94041	37.3893,-122.0783	2.3	DOC#289		5.0	3.5
290	Mountain View, CA 94040	37.3855,-122.088		DOC#290	4.1	5.0	3.5
291	Mountain View, CA 94040	37.3855,-122.088		DOC#291			2.0
292	Mountain View, CA 94040	37.3855,-122.088		DOC#292		5.0	3.5
293	Mountain View, CA 94040	37.3855,-122.088		DOC#293			
294	Mountain View, CA 94040	37.3855,-122.088	4.2	DOC#294		5.0	4.0
295	Mountain View, CA 94040	37.3855,-122.088		DOC#295	5.0	5.0	4.0
296	Mountain View, CA 94040	37.3855,-122.088	4.4	DOC#296	3.7	3.0	3.0
297	Mountain View, CA 94040	37.3855,-122.088	4.5	DOC#297	4.3		
298	Mountain View, CA 94040	37.3855,-122.088		DOC#298			
299	Mountain View, CA 94040	37.3855,-122.088	4.5	DOC#299	5.0	5.0	4.0
300	Mountain View, CA 94040	37.3855,-122.088	3.5	DOC#300		5.0	2.5
301	Mountain View, CA 94040	37.3855,-122.088	3.9	DOC#301			
302	Mountain View, CA 94040	37.3855,-122.088	3.4	DOC#302	3.9	3.0	2.0
303	Mountain View, CA 94040	37.3855,-122.088	4.5	DOC#303	4.5	4.0	
304	Mountain View, CA 94040	37.3855,-122.088	3.4	DOC#304		3.0	3.0
305	Mountain View, CA 94040	37.3855,-122.088	4.8	DOC#305	4.4		
306	Mountain View, CA 94040	37.3855,-122.088		DOC#306		1.0	4.0
307	Mountain View, CA 94040	37.3855,-122.088		DOC#307		5.0	
308	Mountain View, CA 94040	37.3855,-122.088		DOC#308			
309	Mountain View, CA 94040	37.3855,-122.088		DOC#309			
310	Mountain View, CA 94040	37.3855,-122.088		DOC#310	3.5	5.0	
311	Mountain View, CA 94040	37.3855,-122.088	3.9	DOC#311		4.0	3.0
312	Mountain View, CA 94040	37.3855,-122.088	3.6	DOC#312	3.0	3.0	2.5
313	Mountain View, CA 94040	37.3855,-122.088	3.7	DOC#313	3.0	5.0	4.0
314	Mountain View, CA 94040	37.3855,-122.088	4.7	DOC#314			3.0
315	Mountain View, CA 94040	37.3855,-122.088		DOC#315	4.3	5.0	4.0
316	Mountain View, CA 94040	37.3855,-122.088	2.8	DOC#316	2.4	3.0	2.5
317	Mountain View, CA 94040	37.3855,-122.088	4.4	DOC#317		4.0	3.5
318	Mountain View, CA 94040	37.3855,-122.088		DOC#318		1.0	1.0
319	Mountain View, CA 94040	37.3855,-122.088	4.3	DOC#319			
320	Mountain View, CA 94040	37.3855,-122.088		DOC#320	5.0	5.0	4.0
321	Mountain View, CA 94040	37.3855,-122.088		DOC#321	3.8	5.0	3.0
322	Mountain View, CA 94040	37.3855,-122.088	3.8	DOC#322		3.0	4.0
323	Mountain View, CA 94040	37.3855,-122.088	4.5	DOC#323	4.0	3.0	3.0
324	Mountain View, CA 94040	37.3855,-122.088	3.8	DOC#324		3.0	2.5
325	Mountain View, CA 94040	37.3855,-122.088	4.7	DOC#325		2.0	
326	Mountain View, CA 94040	37.3855,-122.088		DOC#326			
327	Mountain View, CA 94040	37.3855,-122.088	3.2	DOC#327	1.0	5.0	
328	Mountain View, CA 94040	37.3855,-122.088	2.9	DOC#328			1.5
329	Mountain View, CA 94040	37.3855,-122.088	4.5	DOC#329	4.5	4.0	
330	Mountain View, CA 94040	37.3855,-122.088		DOC#330		5.0	4.0
331	Mountain View, CA 94040	37.3855,-122.088		DOC#331			
332	Mountain View, CA 94040	37.3855,-122.088		DOC#332		5.0	4.0
333	Mountain View, CA 94040	37.3855,-122.088		DOC#333	3.6	5.0	3.5
334	Mountain View, CA 94040	37.3855,-122.088		DOC#334	4.0	5.0	
335	Mountain View, CA 94040	37.3855,-122.088	3.7	DOC#335			4.0
336	Mountain View, CA 94040	37.3855,-122.088	3.3	DOC#336	3.5	4.0	
337	Mountain View, CA 94040	37.3855,-122.088		DOC#337	4.3		4.0
338	Mountain View, CA 94040	37.3855,-122.088	2.5	DOC#338	4.8	5.0	4.0
339	Mountain View, CA 94040	37.3855,-122.088		DOC#339		5.0	3.5
340	Mountain View, CA 94040	37.3855,-122.088	4.3	DOC#340	3.9	4.0	3.5
341	Mountain View, CA 94040	37.3855,-122.088	3.8	DOC#341	3.6	4.0	3.0
342	Mountain View, CA 94040	37.3855,-122.088	4.1	DOC#342	4.8	5.0	4.0
343	Mountain View, CA 94040	37.3855,-122.088		DOC#343	3.6		
344	Mountain View, CA 94040	37.3855,-122.088		DOC#344			
345	Mountain View, CA 94040	37.3855,-122.088		DOC#345		5.0	
346	Mountain View, CA 94040	37.3855,-122.088	3.7	DOC#346	3.7	1.0	3.0
347	Mountain View, CA 94040	37.3855,-122.088		DOC#347	4.0	4.0	3.0
348	Mountain View, CA 94040	37.3855,-122.088	2.4	DOC#348		3.0	1.5
349	Mountain View, CA 94040	37.3855,-122.088		DOC#349	3.5	5.0	
350	Mountain View, CA 94040	37.3855,-122.088	2.8	DOC#350		3.0	2.5
351	Mountain View, CA 94040	37.3855,-122.088	4.4	DOC#351			
352	Mountain View, CA 94040	37.3855,-122.088	3.8	DOC#352	3.8	3.0	2.0
353	Mountain View, CA 94040	37.3855,-122.088		DOC#353		5.0	3.5
354	Mountain View, CA 94040	37.3855,-122.088	4.2	DOC#354		5.0	4.0
355	Mountain View, CA 94040	37.3855,-122.088		DOC#355			
356	Mountain View, CA 94040	37.3855,-122.088	4.5	DOC#356	4.3	3.0	2.0
357	Mountain View, CA 94040	37.3855,-122.088	2.3	DOC#357			2.5
358	Mountain View, CA 94040	37.3855,-122.088		DOC#358	1.0	5.0	2.5
359	Mountain View, CA 94040	37.3855,-122.088	4.7	DOC#359	3.6	4.0	3.0
360	Mountain View, CA 94040	37.3855,-122.088		DOC#360	4.3	4.0	3.0
361	Mountain View, CA 94040	37.3855,-122.088	3.9	DOC#361	5.0	3.0	3.5
362	Mountain View, CA 94040	37.3855,-122.088		DOC#362		1.0	2.5
363	Mountain View, CA 94040	37.3855,-122.088		DOC#363			
364	Mountain View, CA 94040	37.3855,-122.088		DOC#364		5.0	
365	Mountain View, CA 94040	37.3855,-122.088		DOC#365			4.0
366	Mountain View, CA 94040	37.3855,-122.088		DOC#366			4.0
367	Mountain View, CA 94040	37.3855,-122.088	3.9	DOC#367	4.4	5.0	3.5
368	Mountain View, CA 94041	37.3893,-122.0783		DOC#368			1.0
369	Mountain View, CA 94040	37.3855,-122.088		DOC#369		5.0	4.0
370	Mountain View, CA 94040	37.3855,-122.088	4.7	DOC#370	3.2	3.0	2.5
371	Mountain View, CA 94040	37.3855,-122.088		DOC#371	5.0		4.0
372	Mountain View, CA 94040	37.3855,-122.088		DOC#372		5.0	4.0
373	Mountain View, CA 94040	37.3855,-122.088		DOC#373	5.0	5.0	4.0
374	Mountain View, CA 94040	37.3855,-122.088	4.9	DOC#374	5.0	5.0	4.0
375	Mountain View, CA 94040	37.3855,-122.088	4.4	DOC#375	4.8	4.0	
376	Mountain View, CA 94040	37.3855,-122.088		DOC#376			
377	Mountain View, CA 94040	37.3855,-122.088	3.2	DOC#377			
378	Mountain View, CA 94040	37.3855,-122.088	3.7	DOC#378			
379	Mountain View, CA 94040	37.3855,-122.088		DOC#379			
380	Mountain View, CA 94040	37.3855,-122.088		DOC#380		3.0	3.0
381	Mountain View, CA 94040	37.3855,-122.088		DOC#381			
382	Los Altos, CA 94024	37.3547,-122.0862		DOC#382			
383	Los Altos, CA 94024	37.3547,-122.0862		DOC#383		5.0	4.0
384	Los Altos, CA 94024	37.3547,-122.0862	3.6	DOC#384		5.0	
385	Los Altos, CA 94024	37.3547,-122.0862		DOC#385	3.4	5.0	4.0
386	Los Altos, CA 94024	37.3547,-122.0862		DOC#386			
387	Los Altos, CA 94022	37.3814,-122.1258		DOC#387	4.3	4.0	3.0
388	Sunnyvale, CA 94087	37.3502,-122.0349	3.3	DOC#388		2.0	2.5
389	Los Altos, CA 94022	37.3814,-122.1258	3.8	DOC#389	1.0	4.0	3.0
390	Sunnyvale, CA 94087	37.3502,-122.0349	3.4	DOC#390	4.5		
391	Sunnyvale, CA 94087	37.3502,-122.0349	4.3	DOC#391		5.0	4.0
392	Palo Alto, CA 94303	37.4673,-122.1388		DOC#392	3.8	5.0	4.0
393	Sunnyvale, CA 94087	37.3502,-122.0349		DOC#393		4.0	3.0
394	Sunnyvale, CA 94087	37.3502,-122.0349	4.2	DOC#394	3.7	4.0	
395	Sunnyvale, CA 94087	37.3502,-122.0349	1.8	DOC#395		2.0	
396	Sunnyvale, CA 94087	37.3502,-122.0349	2.7	DOC#396	2.8	4.0	
397	Sunnyvale, CA 94087	37.3502,-122.0349	4.2	DOC#397			4.0
398	Palo Alto, CA 94304	37.4334,-122.1842		DOC#398			
399	Palo Alto, CA 94304	37.4334,-122.1842		DOC#399			
400	Palo Alto, CA 94304	37.4334,-122.1842		DOC#400			
401	Palo Alto, CA 94304	37.4334,-122.1842		DOC#401			
402	Cupertino, CA 95014	37.318,-122.0449		DOC#402		3.0	1.0
403	Sunnyvale, CA 94087	37.3502,-122.0349		DOC#403		5.0	4.0
404	Cupertino, CA 95014	37.318,-122.0449	3.3	DOC#404			
405	Palo Alto, CA 94301	37.4443,-122.1497	4.4	DOC#405	5.0	5.0	3.5
406	Palo Alto, CA 94306	37.418,-122.1274		DOC#406		5.0	4.0
407	Palo Alto, CA 94306	37.418,-122.1274	3.9	DOC#407	2.6	5.0	4.0
408	Stanford, CA 94305	37.4236,-122.1619		DOC#408			
409	Stanford, CA 94305	37.4236,-122.1619		DOC#409			3.5
410	Palo Alto, CA 94303	37.4673,-122.1388		DOC#410		3.0	
411	Palo Alto, CA 94303	37.4673,-122.1388	3.7	DOC#411	3.6		
412	Palo Alto, CA 94303	37.4673,-122.1388		DOC#412		1.0	
413	Palo Alto, CA 94303	37.4673,-122.1388		DOC#413	4.7		
414	Palo Alto, CA 94303	37.4673,-122.1388		DOC#414			
415	Palo Alto, CA 94303	37.4673,-122.1388		DOC#415			
416	Palo Alto, CA 94303	37.4673,-122.1388	2.2	DOC#416	4.5	4.0	3.0
417	Palo Alto, CA 94303	37.4673,-122.1388		DOC#417	4.3		
418	Palo Alto, CA 94303	37.4673,-122.1388	4.6	DOC#418	4.1		4.0
419	Palo Alto, CA 94303	37.4673,-122.1388		DOC#419	4.0	5.0	4.0
420	Palo Alto, CA 94303	37.4673,-122.1388	4.4	DOC#420	5.0	5.0	4.0
421	Palo Alto, CA 94303	37.4673,-122.1388	4.5	DOC#421			
422	Palo Alto, CA 94303	37.4673,-122.1388	4.4	DOC#422		5.0	
423	Palo Alto, CA 94303	37.4673,-122.1388	4.7	DOC#423	4.1	5.0	4.0
424	Palo Alto, CA 94303	37.4673,-122.1388	4.3	DOC#424	4.2		
425	Palo Alto, CA 94303	37.4673,-122.1388	4.6	DOC#425		5.0	3.0
426	Palo Alto, CA 94303	37.4673,-122.1388		DOC#426	5.0	5.0	
427	Palo Alto, CA 94303	37.4673,-122.1388	4.5	DOC#427	5.0	5.0	3.5
428	Palo Alto, CA 94301	37.4443,-122.1497		DOC#428			
429	Palo Alto, CA 94301	37.4443,-122.1497	2.7	DOC#429		4.0	2.0
430	Palo Alto, CA 94301	37.4443,-122.1497	4.4	DOC#430	5.0	5.0	3.5
431	Palo Alto, CA 94301	37.4443,-122.1497		DOC#431			
432	Palo Alto, CA 94301	37.4443,-122.1497		DOC#432		1.0	
433	Palo Alto, CA 94301	37.4443,-122.1497		DOC#433		5.0	
434	Palo Alto, CA 94301	37.4443,-122.1497		DOC#434			4.0
435	Palo Alto, CA 94301	37.4443,-122.1497		DOC#435			
436	Palo Alto, CA 94301	37.4443,-122.1497		DOC#436			4.0
437	Palo Alto, CA 94301	37.4443,-122.1497		DOC#437			
438	Palo Alto, CA 94301	37.4443,-122.1497		DOC#438			
439	Palo Alto, CA 94301	37.4443,-122.1497		DOC#439		1.0	
440	Palo Alto, CA 94301	37.4443,-122.1497		DOC#440		5.0	
441	Palo Alto, CA 94301	37.4443,-122.1497		DOC#441			
442	Palo Alto, CA 94301	37.4443,-122.1497		DOC#442		5.0	
443	Palo Alto, CA 94301	37.4443,-122.1497		DOC#443		5.0	
444	Palo Alto, CA 94301	37.4443,-122.1497		DOC#444			
445	Palo Alto, CA 94301	37.4443,-122.1497	3.3	DOC#445			1.0
446	Palo Alto, CA 94301	37.4443,-122.1497		DOC#446		4.0	
447	Palo Alto, CA 94301	37.4443,-122.1497		DOC#447	5.0		
448	Palo Alto, CA 94301	37.4443,-122.1497		DOC#448	5.0	5.0	2.5
449	San Mateo, CA 94403	37.5395,-122.2998		DOC#449			4.0
450	Menlo Park, CA 94025	37.4396,-122.1864		DOC#450			
451	Palo Alto, CA 94301	37.4443,-122.1497	3.7	DOC#451		1.0	
452	Palo Alto, CA 94306	37.418,-122.1274		DOC#452		5.0	4.0
453	Palo Alto, CA 94306	37.418,-122.1274	3.9	DOC#453	2.6	5.0	4.0
454	Palo Alto, CA 94301	37.4443,-122.1497		DOC#454			
455	Palo Alto, CA 94301	37.4443,-122.1497		DOC#455			
456	Palo Alto, CA 94301	37.4443,-122.1497	4.7	DOC#456		5.0	4.0
457	Palo Alto, CA 94301	37.4443,-122.1497	4.8	DOC#457	5.0	5.0	4.0
458	Palo Alto, CA 94301	37.4443,-122.1497		DOC#458		5.0	3.0
459	Palo Alto, CA 94301	37.4443,-122.1497		DOC#459	2.8	4.0	3.5
460	Palo Alto, CA 94301	37.4443,-122.1497		DOC#460	3.7	3.0	2.5
461	Palo Alto, CA 94301	37.4443,-122.1497		DOC#461	5.0		3.0
462	Palo Alto, CA 94301	37.4443,-122.1497		DOC#462	2.6	5.0	3.5
463	Palo Alto, CA 94301	37.4443,-122.1497		DOC#463	3.8	3.0	2.5
464	Palo Alto, CA 94301	37.4443,-122.1497		DOC#464	4.5		4.0
465	Palo Alto, CA 94301	37.4443,-122.1497		DOC#465			
466	Palo Alto, CA 94301	37.4443,-122.1497		DOC#466			2.5
467	Palo Alto, CA 94301	37.4443,-122.1497		DOC#467	2.0	1.0	
468	Palo Alto, CA 94303	37.4673,-122.1388		DOC#468	3.8	5.0	4.0
469	Menlo Park, CA 94025	37.4396,-122.1864	4.7	DOC#469	5.0	5.0	3.5
470	Menlo Park, CA 94025	37.4396,-122.1864		DOC#470	5.0	3.0	4.0
471	Menlo Park, CA 94025	37.4396,-122.1864		DOC#471			
472	Menlo Park, CA 94025	37.4396,-122.1864		DOC#472		5.0	4.0
473	Menlo Park, CA 94025	37.4396,-122.1864	3.9	DOC#473		4.0	3.0
474	Menlo Park, CA 94025	37.4396,-122.1864		DOC#474			
475	Menlo Park, CA 94025	37.4396,-122.1864	3.9	DOC#475		3.0	4.0
476	Menlo Park, CA 94025	37.4396,-122.1864	4.1	DOC#476		3.0	3.0
477	Menlo Park, CA 94025	37.4396,-122.1864		DOC#477			
478	Menlo Park, CA 94025	37.4396,-122.1864		DOC#478			4.0
479	Menlo Park, CA 94025	37.4396,-122.1864		DOC#479			
480	Menlo Park, CA 94025	37.4396,-122.1864	3.5	DOC#480		5.0	4.0
481	Menlo Park, CA 94025	37.4396,-122.1864	4.3	DOC#481	3.1		4.0
482	Menlo Park, CA 94025	37.4396,-122.1864	3.7	DOC#482	5.0	5.0	4.0
483	Menlo Park, CA 94025	37.4396,-122.1864		DOC#483	5.0		
484	Menlo Park, CA 94025	37.4396,-122.1864		DOC#484			3.0
485	Menlo Park, CA 94025	37.4396,-122.1864		DOC#485		1.0	2.5
486	Menlo Park, CA 94025	37.4396,-122.1864	4.4	DOC#486	4.3	5.0	3.5
487	Palo Alto, CA 94304	37.4334,-122.1842		DOC#487			3.0
488	Stanford, CA 94305	37.4236,-122.1619		DOC#488			1.0
489	Palo Alto, CA 94304	37.4334,-122.1842		DOC#489		5.0	4.0
490	Palo Alto, CA 94304	37.4334,-122.1842		DOC#490			
491	Palo Alto, CA 94304	37.4334,-122.1842		DOC#491			
492	Palo Alto, CA 94304	37.4334,-122.1842		DOC#492			
493	Palo Alto, CA 94304	37.4334,-122.1842		DOC#493		3.0	
494	Palo Alto, CA 94304	37.4334,-122.1842	4.2	DOC#494			4.0
495	Palo Alto, CA 94304	37.4334,-122.1842		DOC#495		5.0	
496	Palo Alto, CA 94304	37.4334,-122.1842		DOC#496		5.0	
497	Palo Alto, CA 94304	37.4334,-122.1842		DOC#497	5.0	5.0	4.0
498	Palo Alto, CA 94304	37.4334,-122.1842		DOC#498			1.0
499	Palo Alto, CA 94304	37.4334,-122.1842		DOC#499			
500	Palo Alto, CA 94304	37.4334,-122.1842		DOC#500			
501	Palo Alto, CA 94304	37.4334,-122.1842		DOC#501		5.0	4.0
502	Palo Alto, CA 94304	37.4334,-122.1842	4.2	DOC#502	3.3	4.0	4.0
503	Palo Alto, CA 94304	37.4334,-122.1842	3.4	DOC#503	2.3	5.0	3.0
504	Palo Alto, CA 94304	37.4334,-122.1842		DOC#504	5.0		3.0
505	Palo Alto, CA 94304	37.4334,-122.1842	3.7	DOC#505		5.0	2.5
506	Palo Alto, CA 94304	37.4334,-122.1842	2.8	DOC#506	1.5	2.0	2.5
507	Palo Alto, CA 94304	37.4334,-122.1842		DOC#507		5.0	4.0
508	Palo Alto, CA 94304	37.4334,-122.1842	4.5	DOC#508	4.0	5.0	1.0
509	Palo Alto, CA 94304	37.4334,-122.1842		DOC#509	5.0	5.0	4.0
510	Palo Alto, CA 94304	37.4334,-122.1842		DOC#510			
511	Palo Alto, CA 94304	37.4334,-122.1842	4.2	DOC#511			
512	Palo Alto, CA 94304	37.4334,-122.1842		DOC#512		5.0	
513	Palo Alto, CA 94304	37.4334,-122.1842		DOC#513			
514	Palo Alto, CA 94304	37.4334,-122.1842		DOC#514			
515	Palo Alto, CA 94304	37.4334,-122.1842		DOC#515	3.9	5.0	4.0
516	Palo Alto, CA 94304	37.4334,-122.1842		DOC#516	4.5	4.0	3.5
517	Palo Alto, CA 94304	37.4334,-122.1842	3.7	DOC#517		5.0	4.0
518	Palo Alto, CA 94304	37.4334,-122.1842		DOC#518		5.0	4.0
519	Palo Alto, CA 94304	37.4334,-122.1842		DOC#519			
520	Palo Alto, CA 94304	37.4334,-122.1842		DOC#520	3.8	3.0	2.0
521	Stanford, CA 94305	37.4236,-122.1619		DOC#521		5.0	4.0
522	Palo Alto, CA 94304	37.4334,-122.1842		DOC#522		5.0	
523	Palo Alto, CA 94304	37.4334,-122.1842		DOC#523	5.0	5.0	4.0
524	Palo Alto, CA 94304	37.4334,-122.1842		DOC#524			
525	Palo Alto, CA 94304	37.4334,-122.1842	2.8	DOC#525	1.0	3.0	1.0
526	Palo Alto, CA 94304	37.4334,-122.1842		DOC#526			
527	Palo Alto, CA 94304	37.4334,-122.1842		DOC#527			
528	Palo Alto, CA 94304	37.4334,-122.1842		DOC#528			
529	Palo Alto, CA 94304	37.4334,-122.1842		DOC#529		5.0	4.0
530	Palo Alto, CA 94304	37.4334,-122.1842	4.8	DOC#530		5.0	3.0
531	Stanford, CA 94305	37.4236,-122.1619		DOC#531			4.0
532	Palo Alto, CA 94304	37.4334,-122.1842		DOC#532			
533	Palo Alto, CA 94304	37.4334,-122.1842		DOC#533			
534	Palo Alto, CA 94304	37.4334,-122.1842		DOC#534			4.0
535	Stanford, CA 94305	37.4236,-122.1619		DOC#535	4.2		4.0
536	Palo Alto, CA 94304	37.4334,-122.1842		DOC#536		5.0	4.0
537	Stanford, CA 94305	37.4236,-122.1619		DOC#537			
538	Palo Alto, CA 94304	37.4334,-122.1842		DOC#538		1.0	
539	Palo Alto, CA 94304	37.4334,-122.1842		DOC#539	5.0		4.0
540	Palo Alto, CA 94304	37.4334,-122.1842		DOC#540			
541	Palo Alto, CA 94304	37.4334,-122.1842		DOC#541			
542	Palo Alto, CA 94304	37.4334,-122.1842		DOC#542		2.0	2.5
543	Palo Alto, CA 94304	37.4334,-122.1842		DOC#543		5.0	4.0
544	Palo Alto, CA 94304	37.4334,-122.1842	3.7	DOC#544		5.0	4.0
545	Palo Alto, CA 94304	37.4334,-122.1842		DOC#545			
546	Palo Alto, CA 94304	37.4334,-122.1842		DOC#546			
547	Palo Alto, CA 94304	37.4334,-122.1842		DOC#547			
548	Palo Alto, CA 94304	37.4334,-122.1842	3.7	DOC#548		5.0	4.0
549	Palo Alto, CA 94304	37.4334,-122.1842	4.4	DOC#549		1.0	2.5
550	Palo Alto, CA 94304	37.4334,-122.1842		DOC#550		5.0	4.0
551	Palo Alto, CA 94304	37.4334,-122.1842		DOC#551			
552	Palo Alto, CA 94304	37.4334,-122.1842		DOC#552			
553	Palo Alto, CA 94304	37.4334,-122.1842		DOC#553			
554	Palo Alto, CA 94304	37.4334,-122.1842		DOC#554			
555	Palo Alto, CA 94304	37.4334,-122.1842		DOC#555			
556	Palo Alto, CA 94304	37.4334,-122.1842		DOC#556			
557	Palo Alto, CA 94304	37.4334,-122.1842		DOC#557			4.0
558	Palo Alto, CA 94304	37.4334,-122.1842		DOC#558		5.0	4.0
559	Palo Alto, CA 94304	37.4334,-122.1842		DOC#559			
560	Palo Alto, CA 94304	37.4334,-122.1842		DOC#560			
561	Palo Alto, CA 94304	37.4334,-122.1842		DOC#561			
562	Palo Alto, CA 94304	37.4334,-122.1842		DOC#562			1.0
563	Palo Alto, CA 94304	37.4334,-122.1842		DOC#563			1.0
564	Palo Alto, CA 94304	37.4334,-122.1842		DOC#564		5.0	3.0
565	Palo Alto, CA 94304	37.4334,-122.1842		DOC#565	3.5	5.0	4.0
566	Palo Alto, CA 94304	37.4334,-122.1842		DOC#566		5.0	4.0
567	Palo Alto, CA 94304	37.4334,-122.1842		DOC#567		5.0	2.5
568	Palo Alto, CA 94304	37.4334,-122.1842		DOC#568			3.0
569	Palo Alto, CA 94304	37.4334,-122.1842		DOC#569		5.0	2.5
570	Palo Alto, CA 94304	37.4334,-122.1842		DOC#570		5.0	
571	Palo Alto, CA 94304	37.4334,-122.1842		DOC#571			4.0
572	Palo Alto, CA 94304	37.4334,-122.1842		DOC#572			
573	Palo Alto, CA 94304	37.4334,-122.1842		DOC#573		1.0	4.0
574	Palo Alto, CA 94304	37.4334,-122.1842	2.9	DOC#574	4.0		2.5
575	Palo Alto, CA 94304	37.4334,-122.1842		DOC#575		5.0	4.0
576	Palo Alto, CA 94304	37.4334,-122.1842	4.3	DOC#576			
577	Palo Alto, CA 94304	37.4334,-122.1842		DOC#577			
578	Palo Alto, CA 94304	37.4334,-122.1842		DOC#578			
579	Palo Alto, CA 94304	37.4334,-122.1842		DOC#579	4.1		2.5
580	Palo Alto, CA 94304	37.4334,-122.1842		DOC#580			
581	Palo Alto, CA 94304	37.4334,-122.1842		DOC#581		5.0	4.0
582	Palo Alto, CA 94304	37.4334,-122.1842	4.2	DOC#582		5.0	3.5
583	Palo Alto, CA 94304	37.4334,-122.1842		DOC#583			
584	Palo Alto, CA 94304	37.4334,-122.1842		DOC#584		5.0	4.0
585	Palo Alto, CA 94304	37.4334,-122.1842	4.8	DOC#585			
586	Palo Alto, CA 94304	37.4334,-122.1842	4.4	DOC#586	3.0	4.0	3.5
587	Palo Alto, CA 94304	37.4334,-122.1842	4.3	DOC#587			
588	Palo Alto, CA 94304	37.4334,-122.1842		DOC#588			
589	Palo Alto, CA 94304	37.4334,-122.1842		DOC#589			
590	Palo Alto, CA 94304	37.4334,-122.1842	4.3	DOC#590			3.5
591	Palo Alto, CA 94304	37.4334,-122.1842		DOC#591			
592	Palo Alto, CA 94304	37.4334,-122.1842		DOC#592		4.0	3.5
593	Palo Alto, CA 94304	37.4334,-122.1842		DOC#593		4.0	3.5
594	Palo Alto, CA 94304	37.4334,-122.1842		DOC#594	5.0	4.0	3.0
595	Palo Alto, CA 94304	37.4334,-122.1842		DOC#595		5.0	
596	Palo Alto, CA 94304	37.4334,-122.1842		DOC#596			
597	Palo Alto, CA 94304	37.4334,-122.1842	4.6	DOC#597	3.7	4.0	3.5
598	Palo Alto, CA 94304	37.4334,-122.1842	3.7	DOC#598		5.0	
599	Palo Alto, CA 94304	37.4334,-122.1842		DOC#599			
600	Palo Alto, CA 94304	37.4334,-122.1842		DOC#600			
601	Menlo Park, CA 94025	37.4396,-122.1864	3.3	DOC#601		5.0	
602	Sausalito, CA 94965	37.8601,-122.4946	2.4	DOC#602	3.0		
603	Sausalito, CA 94965	37.8601,-122.4946		DOC#603			
604	Sausalito, CA 94965	37.8601,-122.4946	4.8	DOC#604	5.0	5.0	3.0
605	Sausalito, CA 94965	37.8601,-122.4946	2.8	DOC#605	2.3	3.0	2.5
606	Sausalito, CA 94965	37.8601,-122.4946	2.9	DOC#606	2.1	2.0	2.5
607	Sausalito, CA 94965	37.8601,-122.4946		DOC#607		5.0	4.0
608	Sausalito, CA 94965	37.8601,-122.4946	2.5	DOC#608	3.8	1.0	
609	Mill Valley, CA 94941	37.8958,-122.5339		DOC#609			
610	Mill Valley, CA 94941	37.8958,-122.5339		DOC#610			
611	Mill Valley, CA 94941	37.8958,-122.5339		DOC#611			
612	Mill Valley, CA 94941	37.8958,-122.5339		DOC#612		4.0	4.0
613	Mill Valley, CA 94941	37.8958,-122.5339		DOC#613			4.0
614	Mill Valley, CA 94941	37.8958,-122.5339		DOC#614			
615	Mill Valley, CA 94941	37.8958,-122.5339		DOC#615			
616	Mill Valley, CA 94941	37.8958,-122.5339		DOC#616		5.0	4.0
617	Mill Valley, CA 94941	37.8958,-122.5339	3.8	DOC#617		5.0	4.0
618	Mill Valley, CA 94941	37.8958,-122.5339	4.2	DOC#618			4.0
619	Mill Valley, CA 94941	37.8958,-122.5339		DOC#619			2.5
620	Mill Valley, CA 94941	37.8958,-122.5339		DOC#620			
621	Mill Valley, CA 94941	37.8958,-122.5339		DOC#621			4.0
622	Mill Valley, CA 94941	37.8958,-122.5339		DOC#622		5.0	4.0
623	Mill Valley, CA 94941	37.8958,-122.5339	3.3	DOC#623		5.0	4.0
624	Mill Valley, CA 94941	37.8958,-122.5339	4.9	DOC#624		5.0	4.0
625	Mill Valley, CA 94941	37.8958,-122.5339	4.2	DOC#625		5.0	4.0
626	Mill Valley, CA 94941	37.8958,-122.5339	4.5	DOC#626		5.0	4.0
627	Mill Valley, CA 94941	37.8958,-122.5339		DOC#627			
628	Mill Valley, CA 94941	37.8958,-122.5339		DOC#628			
629	Mill Valley, CA 94941	37.8958,-122.5339	4.7	DOC#629	5.0	3.0	3.5
630	Mill Valley, CA 94941	37.8958,-122.5339	3.7	DOC#630	5.0	3.0	3.5
631	Mill Valley, CA 94941	37.8958,-122.5339	3.8	DOC#631		4.0	2.5
632	San Francisco, CA 94121	37.7786,-122.4892		DOC#632			
633	San Francisco, CA 94118	37.7812,-122.4614		DOC#633			
634	San Francisco, CA 94118	37.7812,-122.4614	3.9	DOC#634		4.0	3.0
635	San Francisco, CA 94118	37.7812,-122.4614	2.8	DOC#635		5.0	3.5
636	San Francisco, CA 94118	37.7812,-122.4614		DOC#636		5.0	3.5
637	San Francisco, CA 94118	37.7812,-122.4614	4.5	DOC#637		5.0	3.5
638	San Francisco, CA 94118	37.7812,-122.4614	2.4	DOC#638	2.9	1.0	2.0
639	San Francisco, CA 94118	37.7812,-122.4614		DOC#639			
640	San Francisco, CA 94118	37.7812,-122.4614		DOC#640			
641	San Francisco, CA 94118	37.7812,-122.4614	3.3	DOC#641	5.0	3.0	3.5
642	San Francisco, CA 94118	37.7812,-122.4614		DOC#642	1.0	1.0	1.0
643	San Francisco, CA 94118	37.7812,-122.4614	4.9	DOC#643		5.0	4.0
644	San Francisco, CA 94118	37.7812,-122.4614		DOC#644	5.0	5.0	4.0
645	San Francisco, CA 94118	37.7812,-122.4614		DOC#645	2.8		3.0
646	San Francisco, CA 94118	37.7812,-122.4614		DOC#646			4.0
647	San Francisco, CA 94118	37.7812,-122.4614		DOC#647			
648	San Francisco, CA 94118	37.7812,-122.4614	4.7	DOC#648		3.0	4.0
649	San Francisco, CA 94118	37.7812,-122.4614		DOC#649			
650	San Francisco, CA 94118	37.7812,-122.4614	4.2	DOC#650			4.0
651	San Francisco, CA 94118	37.7812,-122.4614		DOC#651		5.0	4.0
652	San Francisco, CA 94118	37.7812,-122.4614	4.9	DOC#652	5.0	5.0	4.0
653	San Francisco, CA 94118	37.7812,-122.4614		DOC#653	3.3	3.0	2.0
654	San Francisco, CA 94118	37.7812,-122.4614		DOC#654	5.0		
655	San Francisco, CA 94118	37.7812,-122.4614	4.6	DOC#655		5.0	
656	San Francisco, CA 94118	37.7812,-122.4614	4.3	DOC#656	5.0	5.0	2.5
657	San Francisco, CA 94118	37.7812,-122.4614		DOC#657			4.0
658	San Francisco, CA 94118	37.7812,-122.4614		DOC#658		5.0	4.0
659	San Francisco, CA 94118	37.7812,-122.4614	4.9	DOC#659	1.9	4.0	4.0
660	San Francisco, CA 94118	37.7812,-122.4614		DOC#660		5.0	
661	San Francisco, CA 94118	37.7812,-122.4614		DOC#661		4.0	
662	San Francisco, CA 94118	37.7812,-122.4614		DOC#662	3.8	4.0	3.5
663	San Francisco, CA 94118	37.7812,-122.4614	4.1	DOC#663		3.0	2.0
664	San Francisco, CA 94118	37.7812,-122.4614		DOC#664			
665	San Francisco, CA 94118	37.7812,-122.4614		DOC#665		5.0	4.0
666	San Francisco, CA 94118	37.7812,-122.4614		DOC#666	5.0		
667	San Francisco, CA 94118	37.7812,-122.4614	4.2	DOC#667		5.0	3.0
668	San Francisco, CA 94118	37.7812,-122.4614		DOC#668			3.5
669	San Francisco, CA 94118	37.7812,-122.4614	4.4	DOC#669	3.3	5.0	
670	San Francisco, CA 94118	37.7812,-122.4614	4.6	DOC#670		4.0	
671	San Francisco, CA 94118	37.7812,-122.4614		DOC#671		5.0	4.0
672	San Francisco, CA 94118	37.7812,-122.4614	3.3	DOC#672	5.0	5.0	3.0
673	San Francisco, CA 94118	37.7812,-122.4614	2.8	DOC#673		4.0	3.0
674	San Francisco, CA 94118	37.7812,-122.4614		DOC#674	5.0	5.0	3.5
675	San Francisco, CA 94118	37.7812,-122.4614		DOC#675		5.0	
676	San Francisco, CA 94118	37.7812,-122.4614	3.8	DOC#676			
677	San Francisco, CA 94118	37.7812,-122.4614		DOC#677		5.0	
678	San Francisco, CA 94118	37.7812,-122.4614		DOC#678			
679	San Francisco, CA 94118	37.7812,-122.4614	3.5	DOC#679	3.4	4.0	3.0
680	San Francisco, CA 94118	37.7812,-122.4614		DOC#680	5.0	3.0	
681	San Francisco, CA 94118	37.7812,-122.4614		DOC#681	5.0	3.0	
682	San Francisco, CA 94118	37.7812,-122.4614	3.4	DOC#682			
683	San Francisco, CA 94118	37.7812,-122.4614	4.4	DOC#683	1.5	3.0	2.0
684	San Francisco, CA 94118	37.7812,-122.4614	4.2	DOC#684	2.3	2.0	1.5
685	San Francisco, CA 94118	37.7812,-122.4614	3.3	DOC#685	3.5	1.0	1.0
686	San Francisco, CA 94118	37.7812,-122.4614	4.8	DOC#686	1.0	4.0	3.5
687	San Francisco, CA 94118	37.7812,-122.4614	3.8	DOC#687		3.0	
688	San Francisco, CA 94118	37.7812,-122.4614	3.5	DOC#688			
689	San Francisco, CA 94118	37.7812,-122.4614		DOC#689		5.0	
690	San Francisco, CA 94118	37.7812,-122.4614		DOC#690			
691	San Francisco, CA 94118	37.7812,-122.4614		DOC#691	2.9	5.0	4.0
692	San Francisco, CA 94118	37.7812,-122.4614	2.6	DOC#692	5.0	3.0	2.5
693	San Francisco, CA 94118	37.7812,-122.4614	3.6	DOC#693		5.0	2.5
694	San Francisco, CA 94118	37.7812,-122.4614	3.3	DOC#694		3.0	
695	San Francisco, CA 94118	37.7812,-122.4614		DOC#695	4.0	5.0	3.5
696	San Francisco, CA 94118	37.7812,-122.4614		DOC#696		5.0	4.0
697	San Francisco, CA 94118	37.7812,-122.4614		DOC#697		5.0	4.0
698	San Francisco, CA 94118	37.7812,-122.4614		DOC#698		5.0	4.0
699	San Francisco, CA 94118	37.7812,-122.4614		DOC#699			
700	San Francisco, CA 94118	37.7812,-122.4614		DOC#700		5.0	4.0
701	San Francisco, CA 94118	37.7812,-122.4614	4.1	DOC#701	5.0	5.0	4.0
702	San Francisco, CA 94118	37.7812,-122.4614	3.8	DOC#702		4.0	3.0
703	San Francisco, CA 94118	37.7812,-122.4614		DOC#703			
704	San Francisco, CA 94118	37.7812,-122.4614		DOC#704		1.0	2.0
705	San Francisco, CA 94118	37.7812,-122.4614	4.5	DOC#705	2.7	4.0	1.0
706	San Francisco, CA 94118	37.7812,-122.4614	4.6	DOC#706		5.0	3.5
707	San Francisco, CA 94118	37.7812,-122.4614		DOC#707		5.0	
708	San Francisco, CA 94118	37.7812,-122.4614		DOC#708		5.0	4.0
709	San Francisco, CA 94118	37.7812,-122.4614	4.3	DOC#709			
710	San Francisco, CA 94118	37.7812,-122.4614	3.6	DOC#710	5.0	2.0	3.0
711	San Francisco, CA 94118	37.7812,-122.4614		DOC#711		3.0	2.0
712	San Francisco, CA 94118	37.7812,-122.4614	3.7	DOC#712		5.0	4.0
713	San Francisco, CA 94118	37.7812,-122.4614	3.7	DOC#713	5.0	5.0	4.0
714	San Francisco, CA 94118	37.7812,-122.4614	4.9	DOC#714		5.0	3.5
715	San Francisco, CA 94118	37.7812,-122.4614		DOC#715			
716	San Francisco, CA 94118	37.7812,-122.4614		DOC#716		5.0	
717	San Francisco, CA 94118	37.7812,-122.4614	3.7	DOC#717		4.0	3.5
718	San Francisco, CA 94118	37.7812,-122.4614	3.7	DOC#718	1.7	4.0	3.0
719	San Francisco, CA 94118	37.7812,-122.4614	4.6	DOC#719	5.0	5.0	
720	San Francisco, CA 94118	37.7812,-122.4614		DOC#720	5.0	5.0	
721	San Francisco, CA 94118	37.7812,-122.4614	4.5	DOC#721		5.0	4.0
722	San Francisco, CA 94118	37.7812,-122.4614	2.8	DOC#722	1.5	5.0	2.0
723	San Francisco, CA 94118	37.7812,-122.4614		DOC#723		5.0	3.5
724	San Francisco, CA 94118	37.7812,-122.4614	4.4	DOC#724	5.0	3.0	3.5
725	San Francisco, CA 94118	37.7812,-122.4614		DOC#725			4.0
726	San Francisco, CA 94118	37.7812,-122.4614		DOC#726			3.5
727	San Francisco, CA 94118	37.7812,-122.4614		DOC#727	1.0	5.0	4.0
728	San Francisco, CA 94118	37.7812,-122.4614		DOC#728			
729	San Francisco, CA 94118	37.7812,-122.4614		DOC#729		5.0	3.5
730	San Francisco, CA 94118	37.7812,-122.4614	4.1	DOC#730			
731	San Francisco, CA 94118	37.7812,-122.4614		DOC#731	4.2		
732	San Francisco, CA 94118	37.7812,-122.4614		DOC#732			2.0
733	San Francisco, CA 94118	37.7812,-122.4614		DOC#733		5.0	4.0
734	San Francisco, CA 94118	37.7812,-122.4614	3.1	DOC#734		3.0	2.0
735	San Francisco, CA 94118	37.7812,-122.4614	2.5	DOC#735		4.0	3.5
736	San Francisco, CA 94118	37.7812,-122.4614		DOC#736			
737	San Francisco, CA 94118	37.7812,-122.4614		DOC#737		5.0	4.0
738	San Francisco, CA 94118	37.7812,-122.4614		DOC#738			3.5
739	San Francisco, CA 94118	37.7812,-122.4614	4.8	DOC#739	4.5	5.0	
740	San Francisco, CA 94118	37.7812,-122.4614		DOC#740		5.0	4.0
741	San Francisco, CA 94118	37.7812,-122.4614		DOC#741		5.0	4.0
742	San Francisco, CA 94118	37.7812,-122.4614	4.4	DOC#742	1.5	5.0	4.0
743	San Francisco, CA 94118	37.7812,-122.4614	2.5	DOC#743		5.0	4.0
744	San Francisco, CA 94118	37.7812,-122.4614		DOC#744		3.0	4.0
745	San Francisco, CA 94118	37.7812,-122.4614	4.8	DOC#745		3.0	
746	San Francisco, CA 94118	37.7812,-122.4614		DOC#746		4.0	
747	San Francisco, CA 94118	37.7812,-122.4614		DOC#747		5.0	
748	San Francisco, CA 94118	37.7812,-122.4614		DOC#748	5.0	5.0	3.0
749	San Francisco, CA 94118	37.7812,-122.4614	4.7	DOC#749			
750	San Francisco, CA 94118	37.7812,-122.4614		DOC#750			
751	San Francisco, CA 94118	37.7812,-122.4614	2.8	DOC#751		5.0	3.0
752	San Francisco, CA 94118	37.7812,-122.4614		DOC#752			
753	San Francisco, CA 94118	37.7812,-122.4614	3.5	DOC#753		5.0	4.0
754	San Francisco, CA 94118	37.7812,-122.4614		DOC#754		5.0	3.0
755	San Francisco, CA 94118	37.7812,-122.4614		DOC#755			
756	San Francisco, CA 94121	37.7786,-122.4892		DOC#756	5.0		
757	San Francisco, CA 94121	37.7786,-122.4892		DOC#757		5.0	4.0
758	San Francisco, CA 94123	37.7999,-122.4342		DOC#758			
759	San Francisco, CA 94118	37.7812,-122.4614	2.7	DOC#759			
760	San Francisco, CA 94118	37.7812,-122.4614		DOC#760	2.0		4.0
761	San Francisco, CA 94118	37.7812,-122.4614		DOC#761	5.0		4.0
762	San Francisco, CA 94118	37.7812,-122.4614		DOC#762	5.0	3.0	2.5
763	San Francisco, CA 94118	37.7812,-122.4614		DOC#763			
764	San Francisco, CA 94118	37.7812,-122.4614		DOC#764		5.0	
765	San Francisco, CA 94118	37.7812,-122.4614	2.5	DOC#765			4.0
766	San Francisco, CA 94118	37.7812,-122.4614		DOC#766	5.0	4.0	4.0
767	San Francisco, CA 94118	37.7812,-122.4614	4.4	DOC#767		4.0	3.0
768	San Francisco, CA 94118	37.7812,-122.4614		DOC#768			4.0
769	San Francisco, CA 94118	37.7812,-122.4614	4.9	DOC#769	5.0		2.5
770	San Francisco, CA 94118	37.7812,-122.4614		DOC#770		4.0	
771	San Francisco, CA 94118	37.7812,-122.4614	3.9	DOC#771			
772	San Francisco, CA 94118	37.7812,-122.4614		DOC#772			
773	San Francisco, CA 94118	37.7812,-122.4614		DOC#773			
774	San Jose, CA 95131	37.3864,-121.88	3.4	DOC#774		5.0	4.0
775	San Jose, CA 95131	37.3864,-121.88		DOC#775			
776	San Jose, CA 95131	37.3864,-121.88	1.3	DOC#776			
777	San Jose, CA 95131	37.3864,-121.88		DOC#777			
778	San Jose, CA 95131	37.3864,-121.88		DOC#778			2.5
779	San Jose, CA 95131	37.3864,-121.88		DOC#779		5.0	
780	San Jose, CA 95131	37.3864,-121.88		DOC#780			
781	San Jose, CA 95131	37.3864,-121.88		DOC#781			
782	San Jose, CA 95131	37.3864,-121.88	3.7	DOC#782			
783	Milpitas, CA 95035	37.4352,-121.895	2.6	DOC#783			2.5
784	Milpitas, CA 95035	37.4352,-121.895	4.4	DOC#784		5.0	4.0
785	Milpitas, CA 95035	37.4352,-121.895		DOC#785		1.0	3.5
786	Milpitas, CA 95035	37.4352,-121.895	3.1	DOC#786			2.5
787	Milpitas, CA 95035	37.4352,-121.895		DOC#787		5.0	3.5
788	Milpitas, CA 95035	37.4352,-121.895	3.6	DOC#788	4.0	5.0	3.5
789	San Jose, CA 95132	37.4031,-121.8585	3.9	DOC#789	4.5	1.0	3.0
790	San Jose, CA 95132	37.4031,-121.8585	4.4	DOC#790		5.0	4.0
791	Milpitas, CA 95035	37.4352,-121.895	4.2	DOC#791	1.5	4.0	2.5
792	San Jose, CA 95116	37.3518,-121.8508	4.7	DOC#792			
793	San Jose, CA 95116	37.3518,-121.8508		DOC#793		5.0	4.0
794	Milpitas, CA 95035	37.4352,-121.895	4.8	DOC#794		5.0	2.5
795	Milpitas, CA 95035	37.4352,-121.895	4.9	DOC#795	5.0	5.0	4.0
796	San Jose, CA 95116	37.3518,-121.8508		DOC#796		2.0	2.5
797	San Jose, CA 95116	37.3518,-121.8508	3.5	DOC#797		3.0	2.0
798	San Jose, CA 95116	37.3518,-121.8508		DOC#798	3.1	2.0	2.0
799	San Jose, CA 95116	37.3518,-121.8508		DOC#799		1.0	2.5
800	San Jose, CA 95116	37.3518,-121.8508		DOC#800	1.0	3.0	
801	San Jose, CA 95116	37.3518,-121.8508		DOC#801			
802	San Jose, CA 95116	37.3518,-121.8508		DOC#802			4.0
803	San Jose, CA 95116	37.3518,-121.8508		DOC#803		1.0	4.0
804	San Jose, CA 95116	37.3518,-121.8508		DOC#804	4.1		
805	Milpitas, CA 95035	37.4352,-121.895		DOC#805	1.4	5.0	2.0
806	San Jose, CA 95116	37.3518,-121.8508		DOC#806		5.0	
807	San Jose, CA 95116	37.3518,-121.8508	3.5	DOC#807		4.0	3.0
808	San Jose, CA 95116	37.3518,-121.8508	2.5	DOC#808	4.0		3.0
809	San Jose, CA 95116	37.3518,-121.8508	3.3	DOC#809		5.0	4.0
810	San Jose, CA 95116	37.3518,-121.8508	3.8	DOC#810		3.0	3.0
811	San Jose, CA 95116	37.3518,-121.8508		DOC#811		5.0	4.0
812	San Jose, CA 95116	37.3518,-121.8508		DOC#812			
813	San Jose, CA 95116	37.3518,-121.8508		DOC#813		1.0	2.0
814	San Jose, CA 95116	37.3518,-121.8508		DOC#814		5.0	4.0
815	San Jose, CA 95116	37.3518,-121.8508	4.9	DOC#815	4.1	5.0	4.0
816	San Jose, CA 95116	37.3518,-121.8508		DOC#816	1.5		1.5
817	San Jose, CA 95116	37.3518,-121.8508	2.9	DOC#817	2.9	4.0	2.5
818	San Jose, CA 95116	37.3518,-121.8508		DOC#818		3.0	2.0
819	San Jose, CA 95116	37.3518,-121.8508	4.3	DOC#819	5.0	4.0	
820	San Jose, CA 95116	37.3518,-121.8508		DOC#820		3.0	
821	San Jose, CA 95116	37.3518,-121.8508		DOC#821		5.0	
822	San Jose, CA 95116	37.3518,-121.8508		DOC#822	4.0		3.5
823	San Jose, CA 95116	37.3518,-121.8508		DOC#823	3.0	3.0	2.0
824	San Jose, CA 95116	37.3518,-121.8508	2.2	DOC#824	1.9	2.0	4.0
825	San Jose, CA 95116	37.3518,-121.8508		DOC#825	4.5	4.0	
826	San Jose, CA 95116	37.3518,-121.8508		DOC#826		1.0	
827	San Jose, CA 95116	37.3518,-121.8508		DOC#827		4.0	4.0
828	San Jose, CA 95116	37.3518,-121.8508	3.5	DOC#828		4.0	3.0
829	San Jose, CA 95116	37.3518,-121.8508		DOC#829		4.0	
830	San Jose, CA 95116	37.3518,-121.8508	4.3	DOC#830		5.0	
831	San Jose, CA 95116	37.3518,-121.8508		DOC#831		4.0	3.5
832	San Jose, CA 95116	37.3518,-121.8508	3.8	DOC#832		4.0	
833	San Jose, CA 95116	37.3518,-121.8508	2.9	DOC#833			
834	San Jose, CA 95116	37.3518,-121.8508		DOC#834	5.0		4.0
835	San Jose, CA 95116	37.3518,-121.8508	3.7	DOC#835		4.0	3.5
836	San Jose, CA 95116	37.3518,-121.8508	3.7	DOC#836			4.0
837	San Jose, CA 95116	37.3518,-121.8508		DOC#837		4.0	
838	San Jose, CA 95116	37.3518,-121.8508	1.7	DOC#838	2.1	1.0	
839	San Jose, CA 95116	37.3518,-121.8508		DOC#839	3.8	2.0	1.5
840	San Jose, CA 95116	37.3518,-121.8508	3.3	DOC#840		4.0	3.5
841	San Jose, CA 95116	37.3518,-121.8508		DOC#841			4.0
842	San Jose, CA 95116	37.3518,-121.8508		DOC#842	3.6	3.0	2.5
843	San Jose, CA 95116	37.3518,-121.8508		DOC#843		5.0	4.0
844	San Jose, CA 95116	37.3518,-121.8508		DOC#844			
845	San Jose, CA 95116	37.3518,-121.8508		DOC#845			4.0
846	San Jose, CA 95116	37.3518,-121.8508		DOC#846			3.5
847	San Jose, CA 95116	37.3518,-121.8508	3.7	DOC#847		4.0	3.5
848	San Jose, CA 95116	37.3518,-121.8508	3.5	DOC#848		4.0	
849	San Jose, CA 95116	37.3518,-121.8508		DOC#849	5.0	5.0	
850	San Jose, CA 95116	37.3518,-121.8508		DOC#850			
851	San Jose, CA 95116	37.3518,-121.8508		DOC#851			3.0
852	San Jose, CA 95116	37.3518,-121.8508		DOC#852			
853	San Jose, CA 95116	37.3518,-121.8508	4.3	DOC#853			
854	San Jose, CA 95116	37.3518,-121.8508		DOC#854		5.0	4.0
855	San Jose, CA 95116	37.3518,-121.8508	4.9	DOC#855			4.0
856	San Jose, CA 95116	37.3518,-121.8508	1.8	DOC#856			
857	San Jose, CA 95116	37.3518,-121.8508		DOC#857			
858	San Jose, CA 95116	37.3518,-121.8508		DOC#858	2.5		
859	San Jose, CA 95116	37.3518,-121.8508		DOC#859			
860	San Jose, CA 95116	37.3518,-121.8508		DOC#860			2.5
861	San Jose, CA 95116	37.3518,-121.8508	4.7	DOC#861		3.0	3.0
862	San Jose, CA 95116	37.3518,-121.8508		DOC#862	4.1	4.0	2.0
863	San Jose, CA 95116	37.3518,-121.8508		DOC#863	3.8		2.5
864	San Jose, CA 95116	37.3518,-121.8508		DOC#864		4.0	3.0
865	San Jose, CA 95116	37.3518,-121.8508	4.6	DOC#865		5.0	
866	San Jose, CA 95116	37.3518,-121.8508		DOC#866			4.0
867	San Jose, CA 95116	37.3518,-121.8508		DOC#867		4.0	3.5
868	San Jose, CA 95116	37.3518,-121.8508		DOC#868		5.0	4.0
869	San Jose, CA 95116	37.3518,-121.8508	4.2	DOC#869		2.0	3.0
870	San Jose, CA 95116	37.3518,-121.8508	2.5	DOC#870	3.6	3.0	4.0
871	San Jose, CA 95116	37.3518,-121.8508		DOC#871	2.0	2.0	2.5
872	San Jose, CA 95116	37.3518,-121.8508	3.1	DOC#872		3.0	
873	San Jose, CA 95116	37.3518,-121.8508		DOC#873			
874	San Jose, CA 95116	37.3518,-121.8508	2.7	DOC#874		3.0	2.0
875	San Jose, CA 95116	37.3518,-121.8508	3.7	DOC#875			
876	San Jose, CA 95116	37.3518,-121.8508		DOC#876		4.0	3.5
877	San Jose, CA 95116	37.3518,-121.8508	2.9	DOC#877		3.0	3.0
878	San Jose, CA 95116	37.3518,-121.8508		DOC#878	3.0	4.0	
879	San Jose, CA 95116	37.3518,-121.8508	4.3	DOC#879		5.0	2.0
880	San Jose, CA 95116	37.3518,-121.8508	3.5	DOC#880	5.0	5.0	4.0
881	San Jose, CA 95116	37.3518,-121.8508		DOC#881			
882	San Jose, CA 95116	37.3518,-121.8508		DOC#882	5.0		3.0
883	San Jose, CA 95116	37.3518,-121.8508	4.6	DOC#883		4.0	3.0
884	San Jose, CA 95116	37.3518,-121.8508	3.7	DOC#884	5.0		
885	San Jose, CA 95116	37.3518,-121.8508		DOC#885	3.7	4.0	2.5
886	San Jose, CA 95116	37.3518,-121.8508	4.1	DOC#886		3.0	2.0
887	San Jose, CA 95116	37.3518,-121.8508	1.9	DOC#887	5.0	1.0	4.0
888	San Jose, CA 95116	37.3518,-121.8508		DOC#888			
889	San Jose, CA 95116	37.3518,-121.8508		DOC#889		1.0	2.5
890	San Jose, CA 95116	37.3518,-121.8508	3.5	DOC#890		4.0	
891	San Jose, CA 95116	37.3518,-121.8508		DOC#891		5.0	4.0
892	San Jose, CA 95116	37.3518,-121.8508	3.4	DOC#892			1.0
893	San Jose, CA 95116	37.3518,-121.8508		DOC#893			3.5
894	San Jose, CA 95116	37.3518,-121.8508	4.3	DOC#894			
895	San Jose, CA 95116	37.3518,-121.8508		DOC#895			
896	San Jose, CA 95116	37.3518,-121.8508		DOC#896		3.0	
897	San Jose, CA 95116	37.3518,-121.8508	3.7	DOC#897	5.0	4.0	3.5
898	San Jose, CA 95116	37.3518,-121.8508		DOC#898		3.0	3.0
899	San Jose, CA 95116	37.3518,-121.8508	2.7	DOC#899	3.6		
900	San Jose, CA 95116	37.3518,-121.8508		DOC#900	3.5		1.0
901	San Jose, CA 95116	37.3518,-121.8508	3.8	DOC#901		5.0	
902	San Jose, CA 95116	37.3518,-121.8508		DOC#902	5.0	2.0	3.5
903	San Jose, CA 95116	37.3518,-121.8508		DOC#903		5.0	
904	San Jose, CA 95116	37.3518,-121.8508	3.6	DOC#904	3.0	2.0	
905	San Jose, CA 95116	37.3518,-121.8508		DOC#905			
906	San Jose, CA 95116	37.3518,-121.8508	3.5	DOC#906			4.0
907	San Jose, CA 95116	37.3518,-121.8508	2.9	DOC#907		4.0	3.0
908	San Jose, CA 95116	37.3518,-121.8508		DOC#908			
909	San Jose, CA 95116	37.3518,-121.8508	2.5	DOC#909	2.6	1.0	1.5
910	San Jose, CA 95116	37.3518,-121.8508		DOC#910		5.0	4.0
911	San Jose, CA 95116	37.3518,-121.8508		DOC#911			
912	San Jose, CA 95116	37.3518,-121.8508	3.1	DOC#912		3.0	2.0
913	San Jose, CA 95116	37.3518,-121.8508	4.5	DOC#913		5.0	3.5
914	San Jose, CA 95116	37.3518,-121.8508	1.5	DOC#914			
915	San Jose, CA 95116	37.3518,-121.8508	1.7	DOC#915			
916	San Jose, CA 95116	37.3518,-121.8508	3.7	DOC#916		1.0	2.0
917	San Jose, CA 95116	37.3518,-121.8508		DOC#917	3.2	5.0	4.0
918	San Jose, CA 95116	37.3518,-121.8508		DOC#918	3.6		
919	San Jose, CA 95116	37.3518,-121.8508	3.7	DOC#919	3.3	3.0	3.0
920	San Jose, CA 95116	37.3518,-121.8508	4.7	DOC#920			4.0
921	San Jose, CA 95116	37.3518,-121.8508	4.7	DOC#921	4.7	5.0	3.5
922	San Jose, CA 95112	37.3476,-121.887		DOC#922			
923	San Jose, CA 95116	37.3518,-121.8508		DOC#923		2.0	4.0
924	San Jose, CA 95116	37.3518,-121.8508	3.7	DOC#924			
925	San Jose, CA 95116	37.3518,-121.8508	4.8	DOC#925		5.0	4.0
926	San Jose, CA 95116	37.3518,-121.8508	4.3	DOC#926			
927	San Jose, CA 95116	37.3518,-121.8508		DOC#927			
928	San Jose, CA 95112	37.3476,-121.887	4.8	DOC#928		4.0	3.5
929	Milpitas, CA 95035	37.4352,-121.895	2.9	DOC#929	3.3		
930	Milpitas, CA 95035	37.4352,-121.895	2.3	DOC#930			
