	name	P(score>  0.99)	P(score>  0.95)	P(score>  0.90)	P(score>  0.85)	P(score>  0.80)
0	DOC#0	0.0	0.0	0.0	0.0	0.008
1	DOC#1	0.119	0.67	0.971	0.998	1.0
2	DOC#3	0.161	0.776	0.992	1.0	1.0
3	DOC#4	0.0	0.222	0.628	0.91	0.998
4	DOC#5	0.178	0.68	0.967	0.999	1.0
5	DOC#6	0.22	0.701	0.96	0.999	1.0
6	DOC#7	0.387	0.851	0.986	0.998	1.0
7	DOC#9	0.225	0.708	0.966	1.0	1.0
8	DOC#10	0.0	0.0	0.0	0.0	0.0
9	DOC#11	0.0	0.0	0.0	0.55	0.982
10	DOC#12	0.0	0.193	0.692	0.963	0.998
11	DOC#13	0.234	0.704	0.962	1.0	1.0
12	DOC#14	0.0	0.0	0.0	0.0	0.0
13	DOC#15	0.0	0.0	0.0	0.24	0.648
14	DOC#16	0.0	0.0	0.0	0.0	0.0
15	DOC#17	0.0	0.0	0.0	0.001	0.021
16	DOC#19	0.209	0.672	0.948	0.997	1.0
17	DOC#20	0.409	0.838	0.988	1.0	1.0
18	DOC#21	0.0	0.0	0.0	0.0	0.0
19	DOC#22	0.0	0.005	0.059	0.313	0.667
20	DOC#23	0.0	0.0	0.0	0.0	0.05
21	DOC#25	0.0	0.0	0.0	0.0	0.101
22	DOC#28	0.0	0.0	0.0	0.02	0.143
23	DOC#29	0.0	0.0	0.342	0.889	1.0
24	DOC#30	0.0	0.728	0.986	1.0	1.0
25	DOC#31	0.0	0.0	0.0	0.055	0.397
26	DOC#32	0.0	0.0	0.0	0.0	0.0
27	DOC#33	0.0	0.0	0.0	0.0	0.0
28	DOC#34	0.0	0.0	0.284	0.673	0.926
29	DOC#35	0.0	0.0	0.04	0.256	0.466
30	DOC#36	0.0	0.153	0.342	0.653	0.918
31	DOC#37	0.227	0.676	0.954	0.999	1.0
32	DOC#38	0.0	0.0	0.0	0.0	0.0
33	DOC#39	0.0	0.0	0.0	0.0	0.0
34	DOC#41	0.0	0.0	0.0	0.0	0.342
35	DOC#42	0.0	0.0	0.265	0.827	0.997
36	DOC#43	0.17	0.83	0.99	0.999	1.0
37	DOC#44	0.412	0.872	0.993	1.0	1.0
38	DOC#45	0.398	0.862	0.996	1.0	1.0
39	DOC#47	0.0	0.002	0.113	0.404	0.748
40	DOC#48	0.399	0.847	0.988	0.999	1.0
41	DOC#49	0.0	0.0	0.0	0.112	0.23
42	DOC#51	0.0	0.0	0.0	0.0	0.001
43	DOC#52	0.0	0.509	0.97	1.0	1.0
44	DOC#53	0.252	0.711	0.951	0.999	1.0
45	DOC#54	0.0	0.0	0.0	0.0	0.0
46	DOC#55	0.0	0.0	0.0	0.061	0.423
47	DOC#57	0.0	0.0	0.0	0.0	0.0
48	DOC#58	0.0	0.0	0.037	0.438	0.768
49	DOC#59	0.0	0.0	0.0	0.001	0.017
50	DOC#60	0.381	0.87	0.992	1.0	1.0
51	DOC#62	0.0	0.428	0.875	0.999	1.0
52	DOC#63	0.0	0.0	0.517	0.956	0.999
53	DOC#64	0.0	0.0	0.0	0.673	0.987
54	DOC#65	0.0	0.0	0.0	0.364	0.815
55	DOC#66	0.0	0.0	0.0	0.095	0.315
56	DOC#68	0.0	0.0	0.029	0.289	0.808
57	DOC#69	0.0	0.0	0.444	0.86	0.989
58	DOC#70	0.0	0.0	0.0	0.0	0.0
59	DOC#71	0.0	0.003	0.061	0.311	0.671
60	DOC#72	0.0	0.0	0.0	0.0	0.029
61	DOC#73	0.0	0.0	0.0	0.066	0.57
62	DOC#74	0.0	0.0	0.0	0.0	0.042
63	DOC#75	0.0	0.0	0.0	0.0	0.0
64	DOC#76	0.657	0.963	1.0	1.0	1.0
65	DOC#79	0.0	0.0	0.0	0.0	0.0
66	DOC#80	0.0	0.0	0.0	0.004	0.035
67	DOC#81	0.14	0.847	0.993	1.0	1.0
68	DOC#82	0.0	0.0	0.805	0.993	1.0
69	DOC#83	0.0	0.064	0.207	0.238	0.241
70	DOC#84	0.0	0.0	0.706	0.982	1.0
71	DOC#85	0.0	0.0	0.0	0.005	0.094
72	DOC#86	0.372	0.849	0.993	1.0	1.0
73	DOC#87	0.0	0.0	0.022	0.164	0.466
74	DOC#88	0.0	0.0	0.609	0.967	1.0
75	DOC#89	0.0	0.0	0.0	0.0	0.0
76	DOC#90	0.0	0.0	0.0	0.0	0.0
77	DOC#91	0.224	0.686	0.949	0.999	1.0
78	DOC#92	0.0	0.0	0.0	0.0	0.0
79	DOC#93	0.642	0.97	1.0	1.0	1.0
80	DOC#94	0.152	0.243	0.63	0.928	0.993
81	DOC#96	0.0	0.348	0.759	0.951	0.995
82	DOC#97	0.0	0.0	0.013	0.089	0.333
83	DOC#98	0.385	0.839	0.991	1.0	1.0
84	DOC#99	0.0	0.006	0.148	0.476	0.796
85	DOC#100	0.0	0.0	0.0	0.002	0.031
86	DOC#101	0.0	0.0	0.0	0.0	0.0
87	DOC#102	0.216	0.683	0.963	0.998	1.0
88	DOC#103	0.0	0.0	0.0	0.092	0.321
89	DOC#104	0.0	0.009	0.129	0.468	0.784
90	DOC#105	0.381	0.843	0.99	1.0	1.0
91	DOC#107	0.0	0.16	0.685	0.954	0.998
92	DOC#108	0.0	0.0	0.0	0.001	0.009
93	DOC#109	0.0	0.13	0.639	0.942	0.992
94	DOC#111	0.0	0.0	0.0	0.022	0.169
95	DOC#112	0.0	0.0	0.054	0.365	0.766
96	DOC#113	0.0	0.0	0.0	0.0	0.0
97	DOC#114	0.0	0.0	0.166	0.338	0.483
98	DOC#115	0.0	0.0	0.0	0.0	0.0
99	DOC#116	0.0	0.36	0.888	0.999	1.0
100	DOC#117	0.385	0.839	0.992	1.0	1.0
101	DOC#118	0.0	0.0	0.0	0.0	0.289
102	DOC#119	0.0	0.0	0.0	0.0	0.0
103	DOC#121	0.0	0.161	0.36	0.8	0.973
104	DOC#122	0.0	0.0	0.76	0.994	1.0
105	DOC#123	0.0	0.167	0.711	0.961	0.998
106	DOC#124	0.0	0.0	0.0	0.0	0.0
107	DOC#125	0.0	0.0	0.0	0.0	0.019
108	DOC#126	0.247	0.724	0.967	0.997	1.0
109	DOC#127	0.0	0.126	0.247	0.252	0.256
110	DOC#128	0.0	0.0	0.0	0.0	0.0
111	DOC#129	0.0	0.25	0.766	0.978	0.999
112	DOC#130	0.0	0.0	0.0	0.0	0.034
113	DOC#131	0.0	0.0	0.0	0.0	0.025
114	DOC#132	0.0	0.0	0.0	0.046	0.318
115	DOC#133	0.0	0.0	0.0	0.205	0.474
116	DOC#134	0.0	0.005	0.113	0.45	0.802
117	DOC#135	0.0	0.0	0.012	0.068	0.309
118	DOC#136	0.0	0.231	0.805	0.992	1.0
119	DOC#137	0.247	0.728	0.959	0.999	1.0
120	DOC#138	0.0	0.0	0.287	0.767	0.964
121	DOC#140	0.233	0.698	0.939	0.996	0.999
122	DOC#141	0.0	0.0	0.0	0.0	0.0
123	DOC#143	0.0	0.0	0.071	0.22	0.326
124	DOC#146	0.222	0.682	0.957	0.996	1.0
125	DOC#149	0.0	0.648	0.976	1.0	1.0
126	DOC#150	0.0	0.0	0.792	0.992	1.0
127	DOC#151	0.0	0.0	0.0	0.0	0.119
128	DOC#152	0.0	0.0	0.0	0.0	0.0
129	DOC#153	0.0	0.457	0.927	0.998	1.0
130	DOC#154	0.0	0.0	0.0	0.65	0.982
131	DOC#156	0.0	0.0	0.0	0.003	0.041
132	DOC#157	0.0	0.0	0.0	0.077	0.207
133	DOC#158	0.0	0.0	0.0	0.0	0.0
134	DOC#161	0.0	0.0	0.0	0.0	0.0
135	DOC#162	0.156	0.494	0.912	0.995	1.0
136	DOC#163	0.0	0.342	0.766	0.957	0.999
137	DOC#166	0.0	0.82	0.997	1.0	1.0
138	DOC#167	0.0	0.0	0.0	0.0	0.0
139	DOC#169	0.0	0.0	0.0	0.0	0.099
140	DOC#172	0.0	0.0	0.0	0.0	0.0
141	DOC#173	0.0	0.0	0.0	0.0	0.0
142	DOC#174	0.395	0.847	0.993	1.0	1.0
143	DOC#175	0.0	0.0	0.0	0.0	0.0
144	DOC#176	0.0	0.0	0.512	0.939	1.0
145	DOC#178	0.227	0.676	0.961	0.998	1.0
146	DOC#179	0.224	0.683	0.952	0.997	0.999
147	DOC#182	0.0	0.0	0.0	0.0	0.0
148	DOC#183	0.0	0.0	0.0	0.0	0.0
149	DOC#184	0.61	0.966	1.0	1.0	1.0
150	DOC#185	0.0	0.0	0.0	0.0	0.0
151	DOC#186	0.245	0.725	0.964	0.998	1.0
152	DOC#187	0.0	0.0	0.0	0.0	0.0
153	DOC#188	0.645	0.968	1.0	1.0	1.0
154	DOC#189	0.0	0.0	0.0	0.0	0.0
155	DOC#190	0.0	0.0	0.0	0.0	0.001
156	DOC#191	0.398	0.828	0.984	0.999	1.0
157	DOC#193	0.0	0.003	0.102	0.422	0.786
158	DOC#194	0.0	0.0	0.093	0.473	0.822
159	DOC#195	0.234	0.691	0.961	0.997	1.0
160	DOC#196	0.0	0.0	0.0	0.0	0.0
161	DOC#197	0.0	0.0	0.0	0.0	0.013
162	DOC#198	0.0	0.0	0.0	0.0	0.0
163	DOC#200	0.0	0.0	0.0	0.0	0.012
164	DOC#201	0.0	0.001	0.109	0.424	0.781
165	DOC#202	0.0	0.0	0.0	0.0	0.0
166	DOC#203	0.0	0.0	0.0	0.0	0.0
167	DOC#204	0.0	0.0	0.0	0.302	0.878
168	DOC#205	0.0	0.0	0.0	0.0	0.0
169	DOC#206	0.0	0.0	0.014	0.235	0.676
170	DOC#208	0.0	0.0	0.0	0.0	0.0
171	DOC#212	0.0	0.0	0.0	0.141	0.559
172	DOC#213	0.0	0.0	0.0	0.0	0.031
173	DOC#214	0.225	0.691	0.957	0.998	1.0
174	DOC#215	0.0	0.0	0.102	0.443	0.743
175	DOC#217	0.0	0.0	0.226	0.601	0.889
176	DOC#218	0.0	0.641	0.976	1.0	1.0
177	DOC#219	0.519	0.903	0.995	1.0	1.0
178	DOC#220	0.0	0.0	0.0	0.0	0.087
179	DOC#221	0.0	0.094	0.357	0.791	0.981
180	DOC#223	0.0	0.0	0.0	0.0	0.0
181	DOC#224	0.0	0.0	0.0	0.0	0.0
182	DOC#225	0.0	0.0	0.0	0.0	0.0
183	DOC#228	0.0	0.0	0.0	0.106	0.331
184	DOC#229	0.0	0.021	0.353	0.63	0.922
185	DOC#230	0.0	0.0	0.452	0.925	0.997
186	DOC#231	0.0	0.0	0.0	0.0	0.0
187	DOC#232	0.0	0.0	0.001	0.084	0.421
188	DOC#233	0.39	0.857	0.992	1.0	1.0
189	DOC#237	0.0	0.0	0.0	0.0	0.0
190	DOC#241	0.0	0.0	0.0	0.0	0.007
191	DOC#242	0.0	0.0	0.101	0.449	0.85
192	DOC#243	0.174	0.701	0.964	0.999	1.0
193	DOC#244	0.0	0.0	0.0	0.0	0.07
194	DOC#245	0.0	0.0	0.0	0.008	0.072
195	DOC#246	0.0	0.0	0.0	0.0	0.0
196	DOC#247	0.0	0.0	0.0	0.262	0.812
197	DOC#248	0.0	0.0	0.0	0.0	0.0
198	DOC#249	0.0	0.047	0.436	0.832	0.976
199	DOC#250	0.0	0.0	0.0	0.0	0.0
200	DOC#251	0.271	0.751	0.972	0.999	1.0
201	DOC#252	0.0	0.0	0.039	0.246	0.592
202	DOC#253	0.0	0.0	0.0	0.0	0.0
203	DOC#254	0.0	0.0	0.0	0.0	0.0
204	DOC#255	0.0	0.0	0.109	0.325	0.49
205	DOC#256	0.0	0.0	0.008	0.159	0.534
206	DOC#257	0.0	0.417	0.933	0.999	1.0
207	DOC#258	0.0	0.0	0.0	0.0	0.0
208	DOC#259	0.0	0.0	0.0	0.095	0.617
209	DOC#260	0.0	0.0	0.0	0.0	0.0
210	DOC#261	0.0	0.002	0.06	0.294	0.661
211	DOC#262	0.627	0.956	1.0	1.0	1.0
212	DOC#263	0.0	0.0	0.0	0.0	0.56
213	DOC#264	0.0	0.0	0.0	0.0	0.0
214	DOC#265	0.0	0.0	0.0	0.0	0.036
215	DOC#266	0.0	0.0	0.0	0.0	0.0
216	DOC#267	0.0	0.0	0.0	0.0	0.0
217	DOC#268	0.0	0.0	0.0	0.0	0.0
218	DOC#269	0.0	0.0	0.0	0.0	0.0
219	DOC#270	0.0	0.0	0.0	0.232	0.821
220	DOC#271	0.38	0.858	0.99	1.0	1.0
221	DOC#272	0.378	0.855	0.99	1.0	1.0
222	DOC#273	0.0	0.0	0.0	0.331	0.891
223	DOC#274	0.0	0.0	0.232	0.736	0.964
224	DOC#276	0.0	0.0	0.0	0.0	0.0
225	DOC#277	0.0	0.09	0.561	0.91	0.995
226	DOC#278	0.0	0.213	0.236	0.378	0.615
227	DOC#279	0.0	0.155	0.654	0.94	0.997
228	DOC#281	0.0	0.0	0.0	0.0	0.0
229	DOC#282	0.0	0.289	0.79	0.987	1.0
230	DOC#283	0.0	0.0	0.0	0.0	0.001
231	DOC#285	0.0	0.0	0.0	0.0	0.0
232	DOC#286	0.0	0.0	0.0	0.0	0.0
233	DOC#287	0.0	0.0	0.0	0.0	0.0
234	DOC#288	0.0	0.0	0.035	0.255	0.595
235	DOC#289	0.0	0.0	0.0	0.0	0.0
236	DOC#290	0.0	0.006	0.139	0.509	0.811
237	DOC#291	0.0	0.0	0.0	0.0	0.0
238	DOC#292	0.0	0.15	0.689	0.966	0.999
239	DOC#294	0.0	0.0	0.0	0.0	0.0
240	DOC#295	0.0	0.0	0.0	0.0	0.0
241	DOC#296	0.0	0.0	0.0	0.0	0.0
242	DOC#297	0.0	0.0	0.0	0.0	0.133
243	DOC#299	0.0	0.0	0.029	0.15	0.307
244	DOC#300	0.0	0.0	0.0	0.0	0.0
245	DOC#301	0.239	0.728	0.979	0.997	1.0
246	DOC#302	0.208	0.682	0.95	0.999	1.0
247	DOC#303	0.225	0.69	0.953	0.996	1.0
248	DOC#304	0.0	0.0	0.204	0.633	0.9
249	DOC#305	0.0	0.0	0.0	0.0	0.0
250	DOC#306	0.398	0.867	0.994	1.0	1.0
251	DOC#307	0.0	0.0	0.0	0.0	0.0
252	DOC#310	0.655	0.97	1.0	1.0	1.0
253	DOC#311	0.547	0.92	0.997	1.0	1.0
254	DOC#312	0.0	0.0	0.0	0.455	0.941
255	DOC#313	0.0	0.0	0.0	0.0	0.0
256	DOC#314	0.0	0.0	0.0	0.0	0.01
257	DOC#315	0.0	0.0	0.0	0.0	0.0
258	DOC#316	0.378	0.86	0.993	1.0	1.0
259	DOC#317	0.0	0.0	0.08	0.385	0.733
260	DOC#318	0.0	0.0	0.083	0.676	0.949
261	DOC#319	0.0	0.0	0.0	0.0	0.041
262	DOC#320	0.0	0.0	0.0	0.0	0.0
263	DOC#321	0.0	0.0	0.0	0.0	0.0
264	DOC#322	0.0	0.0	0.0	0.011	0.124
265	DOC#323	0.0	0.442	0.931	1.0	1.0
266	DOC#324	0.0	0.0	0.567	0.96	0.998
267	DOC#325	0.0	0.0	0.0	0.0	0.023
268	DOC#327	0.0	0.0	0.0	0.0	0.0
269	DOC#328	0.0	0.0	0.0	0.0	0.0
270	DOC#329	0.0	0.08	0.486	0.859	0.979
271	DOC#330	0.0	0.0	0.0	0.0	0.0
272	DOC#332	0.0	0.0	0.0	0.0	0.0
273	DOC#333	0.0	0.264	0.755	0.965	0.999
274	DOC#334	0.368	0.843	0.987	1.0	1.0
275	DOC#335	0.0	0.0	0.166	0.267	0.393
276	DOC#336	0.0	0.001	0.099	0.399	0.775
277	DOC#337	0.0	0.0	0.0	0.0	0.0
278	DOC#338	0.0	0.0	0.0	0.0	0.001
279	DOC#339	0.0	0.0	0.0	0.0	0.0
280	DOC#340	0.0	0.16	0.591	0.889	0.985
281	DOC#341	0.0	0.0	0.0	0.0	0.023
282	DOC#342	0.0	0.001	0.069	0.29	0.659
283	DOC#343	0.0	0.0	0.368	0.876	0.993
284	DOC#345	0.154	0.649	0.956	1.0	1.0
285	DOC#346	0.0	0.032	0.248	0.665	0.899
286	DOC#347	0.0	0.211	0.742	0.966	0.999
287	DOC#348	0.0	0.185	0.708	0.948	1.0
288	DOC#349	0.0	0.0	0.017	0.21	0.585
289	DOC#350	0.0	0.0	0.106	0.705	0.98
290	DOC#351	0.405	0.858	0.995	1.0	1.0
291	DOC#352	0.0	0.302	0.797	0.986	1.0
292	DOC#353	0.0	0.0	0.0	0.0	0.0
293	DOC#354	0.0	0.28	0.761	0.969	0.998
294	DOC#356	0.227	0.728	0.963	0.996	1.0
295	DOC#357	0.256	0.705	0.967	0.998	1.0
296	DOC#358	0.237	0.707	0.957	0.998	1.0
297	DOC#359	0.0	0.0	0.0	0.0	0.0
298	DOC#360	0.245	0.752	0.974	0.999	1.0
299	DOC#361	0.261	0.735	0.964	0.997	1.0
300	DOC#362	0.249	0.713	0.961	0.996	1.0
301	DOC#364	0.0	0.0	0.0	0.02	0.163
302	DOC#365	0.222	0.697	0.951	0.998	0.999
303	DOC#366	0.0	0.0	0.0	0.531	0.863
304	DOC#367	0.225	0.685	0.964	0.998	1.0
305	DOC#368	0.0	0.0	0.0	0.0	0.0
306	DOC#369	0.398	0.839	0.995	1.0	1.0
307	DOC#370	0.0	0.0	0.156	0.259	0.365
308	DOC#371	0.0	0.811	0.993	1.0	1.0
309	DOC#372	0.162	0.9	0.996	1.0	1.0
310	DOC#373	0.0	0.0	0.103	0.459	0.836
311	DOC#374	0.0	0.0	0.0	0.0	0.0
312	DOC#375	0.0	0.0	0.0	0.0	0.0
313	DOC#377	0.0	0.0	0.0	0.0	0.215
314	DOC#378	0.0	0.0	0.0	0.0	0.0
315	DOC#380	0.0	0.0	0.0	0.0	0.0
316	DOC#383	0.0	0.358	0.88	0.995	0.999
317	DOC#384	0.0	0.0	0.0	0.276	0.658
318	DOC#385	0.41	0.835	0.984	1.0	1.0
319	DOC#387	0.0	0.0	0.0	0.0	0.012
320	DOC#388	0.0	0.0	0.0	0.0	0.0
321	DOC#389	0.233	0.689	0.946	0.995	1.0
322	DOC#390	0.0	0.0	0.365	0.797	0.981
323	DOC#391	0.0	0.0	0.0	0.0	0.338
324	DOC#392	0.139	0.222	0.606	0.907	0.989
325	DOC#393	0.24	0.699	0.959	0.998	1.0
326	DOC#394	0.0	0.0	0.0	0.001	0.022
327	DOC#395	0.0	0.0	0.0	0.0	0.0
328	DOC#396	0.0	0.0	0.347	0.79	0.963
329	DOC#397	0.0	0.0	0.0	0.0	0.019
330	DOC#402	0.247	0.698	0.949	0.998	1.0
331	DOC#403	0.219	0.716	0.962	0.998	1.0
332	DOC#404	0.627	0.976	1.0	1.0	1.0
333	DOC#405	0.0	0.0	0.0	0.0	0.0
334	DOC#406	0.373	0.846	0.995	1.0	1.0
335	DOC#407	0.0	0.0	0.0	0.119	0.395
336	DOC#409	0.0	0.0	0.102	0.432	0.785
337	DOC#410	0.0	0.0	0.0	0.0	0.135
338	DOC#411	0.0	0.0	0.0	0.0	0.0
339	DOC#412	0.398	0.858	0.99	1.0	1.0
340	DOC#413	0.0	0.0	0.069	0.206	0.249
341	DOC#416	0.237	0.703	0.977	0.999	1.0
342	DOC#417	0.0	0.0	0.636	0.991	1.0
343	DOC#418	0.0	0.0	0.0	0.136	0.772
344	DOC#419	0.0	0.0	0.514	0.903	0.995
345	DOC#420	0.396	0.862	0.991	1.0	1.0
346	DOC#421	0.0	0.0	0.0	0.0	0.0
347	DOC#422	0.388	0.857	0.994	1.0	1.0
348	DOC#423	0.234	0.699	0.966	0.999	1.0
349	DOC#424	0.649	0.971	1.0	1.0	1.0
350	DOC#425	0.0	0.0	0.0	0.0	0.0
351	DOC#426	0.383	0.861	0.99	1.0	1.0
352	DOC#427	0.0	0.0	0.307	0.83	0.991
353	DOC#429	0.252	0.699	0.962	0.997	1.0
354	DOC#430	0.0	0.011	0.447	0.851	0.986
355	DOC#432	0.0	0.0	0.0	0.0	0.0
356	DOC#433	0.407	0.839	0.986	1.0	1.0
357	DOC#434	0.0	0.0	0.0	0.0	0.0
358	DOC#436	0.0	0.0	0.517	0.899	0.996
359	DOC#439	0.412	0.864	0.993	1.0	1.0
360	DOC#440	0.223	0.698	0.956	0.997	1.0
361	DOC#442	0.0	0.0	0.0	0.0	0.0
362	DOC#443	0.0	0.0	0.0	0.0	0.0
363	DOC#445	0.0	0.0	0.295	0.786	0.981
364	DOC#446	0.36	0.858	0.99	1.0	1.0
365	DOC#447	0.0	0.0	0.0	0.106	0.337
366	DOC#448	0.0	0.0	0.0	0.002	0.018
367	DOC#449	0.0	0.0	0.0	0.097	0.324
368	DOC#451	0.22	0.697	0.954	0.999	1.0
369	DOC#452	0.0	0.0	0.0	0.0	0.0
370	DOC#453	0.0	0.0	0.0	0.0	0.0
371	DOC#456	0.0	0.0	0.0	0.0	0.001
372	DOC#457	0.383	0.858	0.987	0.999	1.0
373	DOC#458	0.0	0.0	0.318	0.863	0.998
374	DOC#459	0.395	0.851	0.992	1.0	1.0
375	DOC#460	0.0	0.312	0.78	0.953	0.994
376	DOC#461	0.0	0.0	0.0	0.029	0.15
377	DOC#462	0.0	0.001	0.067	0.32	0.665
378	DOC#463	0.0	0.0	0.048	0.346	0.748
379	DOC#464	0.0	0.0	0.0	0.071	0.43
380	DOC#466	0.0	0.0	0.0	0.07	0.614
381	DOC#467	0.24	0.711	0.973	0.999	1.0
382	DOC#468	0.0	0.0	0.0	0.088	0.383
383	DOC#469	0.0	0.0	0.121	0.468	0.811
384	DOC#470	0.0	0.0	0.05	0.21	0.494
385	DOC#472	0.0	0.238	0.528	0.902	0.995
386	DOC#473	0.0	0.0	0.0	0.0	0.0
387	DOC#475	0.392	0.836	0.992	1.0	1.0
388	DOC#476	0.0	0.0	0.0	0.0	0.0
389	DOC#478	0.227	0.692	0.95	0.997	1.0
390	DOC#480	0.0	0.0	0.59	0.958	0.999
391	DOC#481	0.0	0.08	0.476	0.846	0.986
392	DOC#482	0.0	0.0	0.0	0.0	0.0
393	DOC#483	0.241	0.673	0.96	0.996	1.0
394	DOC#484	0.417	0.832	0.989	1.0	1.0
395	DOC#485	0.0	0.0	0.312	0.666	0.915
396	DOC#486	0.528	0.921	1.0	1.0	1.0
397	DOC#487	0.0	0.363	0.884	0.996	1.0
398	DOC#488	0.0	0.644	0.97	1.0	1.0
399	DOC#489	0.0	0.0	0.16	0.221	0.442
400	DOC#493	0.0	0.0	0.0	0.0	0.385
401	DOC#494	0.0	0.154	0.717	0.978	0.998
402	DOC#495	0.0	0.0	0.628	0.974	1.0
403	DOC#496	0.0	0.0	0.0	0.0	0.0
404	DOC#497	0.0	0.0	0.0	0.057	0.196
405	DOC#498	0.0	0.0	0.0	0.0	0.0
406	DOC#501	0.0	0.0	0.0	0.0	0.0
407	DOC#502	0.244	0.673	0.947	0.995	0.999
408	DOC#503	0.0	0.0	0.0	0.0	0.457
409	DOC#504	0.0	0.075	0.461	0.864	0.987
410	DOC#505	0.382	0.839	0.992	0.999	1.0
411	DOC#506	0.585	0.935	1.0	1.0	1.0
412	DOC#507	0.0	0.0	0.0	0.0	0.0
413	DOC#508	0.234	0.68	0.945	0.993	1.0
414	DOC#509	0.0	0.405	0.875	0.99	1.0
415	DOC#511	0.23	0.705	0.96	0.995	1.0
416	DOC#512	0.396	0.857	0.989	1.0	1.0
417	DOC#515	0.0	0.0	0.0	0.022	0.161
418	DOC#516	0.0	0.0	0.0	0.0	0.103
419	DOC#517	0.0	0.0	0.0	0.0	0.0
420	DOC#518	0.392	0.859	0.991	1.0	1.0
421	DOC#520	0.0	0.0	0.0	0.339	0.881
422	DOC#521	0.0	0.003	0.092	0.408	0.786
423	DOC#522	0.0	0.0	0.0	0.194	0.612
424	DOC#523	0.0	0.0	0.018	0.231	0.66
425	DOC#525	0.0	0.0	0.187	0.391	0.598
426	DOC#529	0.0	0.0	0.0	0.004	0.036
427	DOC#530	0.247	0.712	0.963	0.998	1.0
428	DOC#531	0.0	0.0	0.0	0.0	0.0
429	DOC#534	0.0	0.0	0.0	0.0	0.0
430	DOC#535	0.0	0.0	0.0	0.0	0.0
431	DOC#536	0.0	0.0	0.0	0.0	0.0
432	DOC#538	0.0	0.0	0.0	0.093	0.208
433	DOC#539	0.0	0.0	0.0	0.0	0.0
434	DOC#542	0.0	0.0	0.0	0.346	0.698
435	DOC#543	0.0	0.0	0.0	0.0	0.0
436	DOC#544	0.0	0.0	0.0	0.0	0.114
437	DOC#548	0.392	0.837	0.985	1.0	1.0
438	DOC#549	0.384	0.839	0.993	1.0	1.0
439	DOC#550	0.41	0.846	0.99	1.0	1.0
440	DOC#557	0.373	0.858	0.993	1.0	1.0
441	DOC#558	0.0	0.005	0.077	0.303	0.66
442	DOC#562	0.16	0.248	0.651	0.915	0.996
443	DOC#563	0.0	0.385	0.909	0.999	1.0
444	DOC#564	0.248	0.735	0.967	0.999	0.999
445	DOC#565	0.0	0.0	0.0	0.0	0.1
446	DOC#566	0.0	0.0	0.0	0.0	0.0
447	DOC#567	0.0	0.74	0.984	1.0	1.0
448	DOC#568	0.398	0.863	0.994	1.0	1.0
449	DOC#569	0.0	0.657	0.979	0.999	1.0
450	DOC#570	0.0	0.0	0.0	0.0	0.0
451	DOC#571	0.0	0.146	0.703	0.957	0.999
452	DOC#573	0.235	0.701	0.954	0.997	1.0
453	DOC#574	0.0	0.006	0.092	0.416	0.775
454	DOC#575	0.0	0.0	0.0	0.0	0.0
455	DOC#576	0.0	0.164	0.701	0.961	0.999
456	DOC#579	0.0	0.0	0.0	0.0	0.0
457	DOC#581	0.0	0.0	0.0	0.0	0.0
458	DOC#582	0.0	0.0	0.0	0.0	0.0
459	DOC#584	0.0	0.004	0.117	0.404	0.775
460	DOC#585	0.0	0.448	0.93	1.0	1.0
461	DOC#586	0.377	0.829	0.995	1.0	1.0
462	DOC#587	0.383	0.868	0.991	1.0	1.0
463	DOC#590	0.0	0.0	0.0	0.044	0.191
464	DOC#592	0.0	0.0	0.0	0.022	0.169
465	DOC#593	0.226	0.694	0.965	0.999	1.0
466	DOC#594	0.0	0.0	0.504	0.956	1.0
467	DOC#595	0.0	0.168	0.578	0.886	0.982
468	DOC#597	0.0	0.0	0.354	0.782	0.968
469	DOC#598	0.0	0.0	0.105	0.473	0.823
470	DOC#601	0.0	0.0	0.0	0.0	0.0
471	DOC#602	0.0	0.0	0.0	0.0	0.026
472	DOC#604	0.0	0.0	0.0	0.0	0.0
473	DOC#605	0.248	0.721	0.967	0.997	1.0
474	DOC#606	0.0	0.0	0.0	0.041	0.136
475	DOC#607	0.0	0.0	0.655	0.988	1.0
476	DOC#608	0.0	0.0	0.0	0.0	0.085
477	DOC#612	0.0	0.0	0.001	0.012	0.079
478	DOC#613	0.0	0.0	0.307	0.712	0.945
479	DOC#616	0.242	0.728	0.967	0.999	1.0
480	DOC#617	0.0	0.0	0.0	0.002	0.013
481	DOC#618	0.0	0.0	0.0	0.0	0.0
482	DOC#619	0.0	0.577	0.953	1.0	1.0
483	DOC#621	0.0	0.0	0.0	0.0	0.0
484	DOC#622	0.0	0.167	0.701	0.96	0.999
485	DOC#623	0.0	0.0	0.001	0.334	0.654
486	DOC#624	0.0	0.0	0.0	0.0	0.044
487	DOC#625	0.0	0.519	0.964	1.0	1.0
488	DOC#626	0.0	0.0	0.0	0.0	0.0
489	DOC#629	0.0	0.0	0.0	0.354	0.717
490	DOC#630	0.565	0.913	1.0	1.0	1.0
491	DOC#631	0.0	0.0	0.0	0.0	0.0
492	DOC#634	0.0	0.0	0.0	0.0	0.0
493	DOC#635	0.0	0.0	0.0	0.0	0.0
494	DOC#636	0.232	0.723	0.952	0.996	1.0
495	DOC#637	0.0	0.0	0.0	0.0	0.0
496	DOC#638	0.0	0.0	0.008	0.069	0.315
497	DOC#641	0.0	0.0	0.0	0.0	0.0
498	DOC#642	0.0	0.0	0.0	0.0	0.0
499	DOC#643	0.0	0.0	0.29	0.658	0.92
500	DOC#644	0.0	0.0	0.0	0.0	0.0
501	DOC#645	0.399	0.847	0.99	1.0	1.0
502	DOC#646	0.0	0.0	0.0	0.0	0.0
503	DOC#648	0.113	0.197	0.783	0.987	1.0
504	DOC#650	0.0	0.0	0.0	0.0	0.0
505	DOC#651	0.0	0.0	0.0	0.0	0.0
506	DOC#652	0.0	0.0	0.0	0.554	0.961
507	DOC#653	0.0	0.0	0.0	0.0	0.0
508	DOC#654	0.255	0.727	0.977	0.998	1.0
509	DOC#655	0.0	0.0	0.0	0.102	0.451
510	DOC#656	0.0	0.0	0.0	0.0	0.0
511	DOC#657	0.0	0.0	0.0	0.0	0.0
512	DOC#658	0.0	0.0	0.0	0.151	0.606
513	DOC#659	0.0	0.0	0.0	0.0	0.0
514	DOC#660	0.0	0.0	0.179	0.672	0.948
515	DOC#661	0.0	0.0	0.0	0.0	0.0
516	DOC#662	0.0	0.0	0.0	0.017	0.161
517	DOC#663	0.0	0.132	0.638	0.947	0.995
518	DOC#665	0.0	0.0	0.0	0.0	0.041
519	DOC#666	0.0	0.0	0.0	0.0	0.0
520	DOC#667	0.375	0.822	0.98	1.0	1.0
521	DOC#668	0.0	0.0	0.0	0.0	0.084
522	DOC#669	0.0	0.0	0.121	0.398	0.756
523	DOC#670	0.0	0.0	0.003	0.028	0.153
524	DOC#671	0.0	0.0	0.0	0.0	0.0
525	DOC#672	0.0	0.0	0.0	0.0	0.0
526	DOC#673	0.0	0.0	0.0	0.0	0.0
527	DOC#674	0.24	0.68	0.943	0.998	1.0
528	DOC#675	0.0	0.0	0.0	0.0	0.0
529	DOC#676	0.412	0.859	0.993	1.0	1.0
530	DOC#677	0.24	0.713	0.951	0.996	1.0
531	DOC#679	0.0	0.0	0.0	0.0	0.104
532	DOC#680	0.0	0.0	0.0	0.0	0.004
533	DOC#681	0.425	0.871	0.996	1.0	1.0
534	DOC#682	0.0	0.0	0.0	0.0	0.017
535	DOC#683	0.0	0.001	0.062	0.296	0.662
536	DOC#684	0.366	0.855	0.985	0.999	1.0
537	DOC#685	0.282	0.726	0.965	1.0	1.0
538	DOC#686	0.0	0.0	0.0	0.0	0.0
539	DOC#687	0.0	0.0	0.0	0.0	0.0
540	DOC#688	0.0	0.0	0.0	0.0	0.0
541	DOC#689	0.0	0.0	0.0	0.0	0.0
542	DOC#691	0.0	0.0	0.0	0.0	0.0
543	DOC#692	0.0	0.0	0.0	0.0	0.025
544	DOC#693	0.0	0.417	0.888	0.995	1.0
545	DOC#694	0.212	0.682	0.958	0.998	1.0
546	DOC#695	0.0	0.0	0.0	0.075	0.457
547	DOC#696	0.369	0.848	0.992	1.0	1.0
548	DOC#697	0.0	0.0	0.0	0.0	0.0
549	DOC#698	0.0	0.0	0.0	0.0	0.0
550	DOC#700	0.0	0.0	0.0	0.0	0.0
551	DOC#701	0.0	0.0	0.0	0.0	0.0
552	DOC#702	0.0	0.0	0.0	0.001	0.018
553	DOC#704	0.0	0.0	0.0	0.0	0.0
554	DOC#705	0.0	0.0	0.0	0.0	0.0
555	DOC#706	0.0	0.0	0.0	0.0	0.185
556	DOC#707	0.152	0.244	0.527	0.847	0.97
557	DOC#708	0.0	0.0	0.098	0.441	0.786
558	DOC#709	0.0	0.0	0.0	0.0	0.205
559	DOC#710	0.0	0.0	0.106	0.384	0.727
560	DOC#711	0.0	0.0	0.0	0.0	0.0
561	DOC#712	0.0	0.0	0.0	0.0	0.0
562	DOC#713	0.0	0.0	0.0	0.0	0.075
563	DOC#714	0.0	0.0	0.0	0.0	0.0
564	DOC#716	0.381	0.838	0.992	1.0	1.0
565	DOC#717	0.0	0.0	0.0	0.0	0.0
566	DOC#718	0.0	0.005	0.099	0.389	0.754
567	DOC#719	0.0	0.001	0.044	0.292	0.638
568	DOC#720	0.0	0.0	0.0	0.0	0.0
569	DOC#721	0.0	0.0	0.0	0.338	0.67
570	DOC#722	0.0	0.0	0.0	0.0	0.0
571	DOC#723	0.0	0.0	0.0	0.0	0.0
572	DOC#724	0.0	0.0	0.0	0.0	0.0
573	DOC#725	0.0	0.0	0.154	0.547	0.853
574	DOC#726	0.0	0.0	0.0	0.0	0.0
575	DOC#727	0.243	0.715	0.97	0.999	1.0
576	DOC#729	0.0	0.0	0.064	0.268	0.601
577	DOC#730	0.0	0.0	0.0	0.0	0.0
578	DOC#731	0.0	0.0	0.0	0.0	0.0
579	DOC#732	0.409	0.859	0.993	1.0	1.0
580	DOC#733	0.0	0.0	0.0	0.0	0.0
581	DOC#734	0.0	0.0	0.643	0.964	1.0
582	DOC#735	0.0	0.0	0.0	0.0	0.0
583	DOC#737	0.0	0.0	0.0	0.0	0.0
584	DOC#738	0.0	0.0	0.0	0.527	0.876
585	DOC#739	0.0	0.0	0.0	0.0	0.001
586	DOC#740	0.0	0.0	0.0	0.0	0.0
587	DOC#741	0.0	0.512	0.899	0.992	1.0
588	DOC#742	0.0	0.138	0.763	0.975	0.999
589	DOC#743	0.0	0.0	0.0	0.0	0.0
590	DOC#744	0.0	0.0	0.0	0.001	0.014
591	DOC#745	0.0	0.859	0.993	1.0	1.0
592	DOC#746	0.0	0.002	0.062	0.3	0.681
593	DOC#747	0.0	0.0	0.0	0.376	0.893
594	DOC#748	0.0	0.0	0.0	0.0	0.0
595	DOC#749	0.0	0.0	0.0	0.0	0.0
